Band ID,Name,URL,Country,Genre,Status,Photo_URL
3540442600,A // Solution,https://www.metal-archives.com/bands/A_--_Solution/3540442600,United States,Crust Punk/Thrash Metal,Split-up,
3540480258,A 12 Gauge Tragedy,https://www.metal-archives.com/bands/A_12_Gauge_Tragedy/3540480258,United States,Deathcore,Split-up,
3540352307,A Balance of Power,https://www.metal-archives.com/bands/A_Balance_of_Power/3540352307,United States,Melodic Death Metal/Metalcore,Active,
3540535978,A Band Named Jon,https://www.metal-archives.com/bands/A_Band_Named_Jon/3540535978,United States,Brutal Death Metal/Grindcore,Active,
108513,A Band of Orcs,https://www.metal-archives.com/bands/A_Band_of_Orcs/108513,United States,Death/Thrash Metal,Active,
3540412046,A Baptism by Fire,https://www.metal-archives.com/bands/A_Baptism_by_Fire/3540412046,Canada,Progressive Power Metal,Active,https://www.metal-archives.com/images/3/5/4/0/3540412046_photo.jpg?4141
3540473101,A Billion Limbs,https://www.metal-archives.com/bands/A_Billion_Limbs/3540473101,United Kingdom,Groove Metal/Deathcore,Active,
3540502761,A Bastard's Breath,https://www.metal-archives.com/bands/A_Bastard%27s_Breath/3540502761,United States,Raw Black Metal,Active,
3540462261,A Binding Spirit,https://www.metal-archives.com/bands/A_Binding_Spirit/3540462261,Germany,Black Metal/Ambient,Active,
3540484133,A Belt Above Black,https://www.metal-archives.com/bands/A_Belt_Above_Black/3540484133,United States,Melodic Death Metal/Metalcore,Active,
3540525193,A Black Cold Diamond,https://www.metal-archives.com/bands/A_Black_Cold_Diamond/3540525193,Colombia,Heavy/Doom Metal,Active,https://www.metal-archives.com/images/3/5/4/0/3540525193_photo.jpg?2119
3540484581,A Blind Beggar,https://www.metal-archives.com/bands/A_Blind_Beggar/3540484581,Colombia,Metalcore,Active,https://www.metal-archives.com/images/3/5/4/0/3540484581_photo.jpg?2453
3540439877,A Blackened Sight,https://www.metal-archives.com/bands/A_Blackened_Sight/3540439877,Spain,Metalcore,Active,https://www.metal-archives.com/images/3/5/4/0/3540439877_photo.jpg?1850
18563,A Blind Prophecy,https://www.metal-archives.com/bands/A_Blind_Prophecy/18563,United States,Melodic/Progressive Metal,Split-up,https://www.metal-archives.com/images/1/8/5/6/18563_photo.jpg?3547
3540501127,A Bloody Chasm,https://www.metal-archives.com/bands/A_Bloody_Chasm/3540501127,United States,Heavy Metal/Grunge,Active,https://www.metal-archives.com/images/3/5/4/0/3540501127_photo.jpg?0740
111183,A Bloody Epitaph,https://www.metal-archives.com/bands/A_Bloody_Epitaph/111183,United States,Deathcore,Changed name,https://www.metal-archives.com/images/1/1/1/1/111183_photo.jpg
3540514577,A Bond Between,https://www.metal-archives.com/bands/A_Bond_Between/3540514577,Germany,Melodic Death/Groove Metal,Active,https://www.metal-archives.com/images/3/5/4/0/3540514577_photo.jpg?0507
3540371582,A Breach of Silence,https://www.metal-archives.com/bands/A_Breach_of_Silence/3540371582,Australia,Melodic Death Metal/Metalcore,Active,https://www.metal-archives.com/images/3/5/4/0/3540371582_photo.jpg?3844
103063,A Body Falls,https://www.metal-archives.com/bands/A_Body_Falls/103063,United States,Melodic Death Metal,Split-up,https://www.metal-archives.com/images/1/0/3/0/103063_photo.jpg?3418
3540333609,A Break in the Storm,https://www.metal-archives.com/bands/A_Break_in_the_Storm/3540333609,United States,Metalcore,Split-up,https://www.metal-archives.com/images/3/5/4/0/3540333609_photo.jpg?3209
3540512266,A Broken Design,https://www.metal-archives.com/bands/A_Broken_Design/3540512266,Malta,Southern/Stoner Metal/Rock,Active,https://www.metal-archives.com/images/3/5/4/0/3540512266_photo.jpg?3909
3540433563,A Brooding Body,https://www.metal-archives.com/bands/A_Brooding_Body/3540433563,International,Depressive Black Metal,Active,https://www.metal-archives.com/images/3/5/4/0/3540433563_photo.jpg?2121
3540277800,A Broken Machine,https://www.metal-archives.com/bands/A_Broken_Machine/3540277800,United States,Metalcore,Unknown,https://www.metal-archives.com/images/3/5/4/0/3540277800_photo.jpg
121141,A Breath Before Surfacing,https://www.metal-archives.com/bands/A_Breath_Before_Surfacing/121141,United States,Deathcore,Split-up,https://www.metal-archives.com/images/1/2/1/1/121141_photo.jpg
3540464584,A Bribe for the Ferryman,https://www.metal-archives.com/bands/A_Bribe_for_the_Ferryman/3540464584,United Kingdom,Thrash/Groove Metal,Split-up,https://www.metal-archives.com/images/3/5/4/0/3540464584_photo.jpg?0459
3540255880,A Brutal Confession,https://www.metal-archives.com/bands/A_Brutal_Confession/3540255880,United States,Thrash Metal,Split-up,https://www.metal-archives.com/images/3/5/4/0/3540255880_photo.jpg?0436
3540283438,A Burial at Sea,https://www.metal-archives.com/bands/A_Burial_at_Sea/3540283438,Norway,Melodic Death Metal/Metalcore,Split-up,https://www.metal-archives.com/images/3/5/4/0/3540283438_photo.jpg?1558
3540271763,A Buried Existence,https://www.metal-archives.com/bands/A_Buried_Existence/3540271763,Italy,Technical Death Metal/Metalcore,Split-up,https://www.metal-archives.com/images/3/5/4/0/3540271763_photo.jpg?1124
3540518438,A Burning Rose,https://www.metal-archives.com/bands/A_Burning_Rose/3540518438,Puerto Rico,Melodic Death Metal,Active,https://www.metal-archives.com/images/3/5/4/0/3540518438_photo.jpg?5109
3540343089,A Call to Arms,https://www.metal-archives.com/bands/A_Call_to_Arms/3540343089,United States,Thrash/Speed Metal,Split-up,https://www.metal-archives.com/images/3/5/4/0/3540343089_photo.jpg?1924
2296,A Canorous Quintet,https://www.metal-archives.com/bands/A_Canorous_Quintet/2296,Sweden,Melodic Death Metal,Active,https://www.metal-archives.com/images/2/2/9/6/2296_photo.jpg?0957
3540323071,A Caress of Twilight,https://www.metal-archives.com/bands/A_Caress_of_Twilight/3540323071,Poland,Black Metal/Ambient,Active,https://www.metal-archives.com/images/3/5/4/0/3540323071_photo.gif?1528
3540546659,A Chance at Life,https://www.metal-archives.com/bands/A_Chance_at_Life/3540546659,Russia,Depressive Black Metal,Active,https://www.metal-archives.com/images/3/5/4/0/3540546659_photo.jpg?5513
3540500228,A City Screams in Terror,https://www.metal-archives.com/bands/A_City_Screams_in_Terror/3540500228,United States,Deathcore,Split-up,https://www.metal-archives.com/images/3/5/4/0/3540500228_photo.jpg?4820
3540461610,A Circle of Crows,https://www.metal-archives.com/bands/A_Circle_of_Crows/3540461610,United States,Melodic Black/Death Metal,Active,https://www.metal-archives.com/images/3/5/4/0/3540461610_photo.jpg?0149
3540416412,A Clockwork Opera,https://www.metal-archives.com/bands/A_Clockwork_Opera/3540416412,United Kingdom,Symphonic Metal,Split-up,https://www.metal-archives.com/images/3/5/4/0/3540416412_photo.jpg?2356
3540310981,A Cloud Forest,https://www.metal-archives.com/bands/A_Cloud_Forest/3540310981,United States,Black Metal,Active,https://www.metal-archives.com/images/3/5/4/0/3540310981_photo.jpg?3416
3540302940,A Cold Demise,https://www.metal-archives.com/bands/A_Cold_Demise/3540302940,Morocco,Black Metal/Ambient,Unknown,https://www.metal-archives.com/images/3/5/4/0/3540302940_photo.jpg
3540323179,A Cold Dead Body,https://www.metal-archives.com/bands/A_Cold_Dead_Body/3540323179,Italy,Progressive Sludge Metal/Post-Hardcore,Unknown,https://www.metal-archives.com/images/3/5/4/0/3540323179_photo.jpg?4259
30959,A Cold Reality,https://www.metal-archives.com/bands/A_Cold_Reality/30959,United States,Thrash/Death Metal,Split-up,https://www.metal-archives.com/images/3/0/9/5/30959_photo.JPG
3540437404,A Cold Sun,https://www.metal-archives.com/bands/A_Cold_Sun/3540437404,Italy,Depressive Black Metal,Active,https://www.metal-archives.com/images/3/5/4/0/3540437404_photo.jpg?3956
3540432705,A Collection of Cyclops Skulls,https://www.metal-archives.com/bands/A_Collection_of_Cyclops_Skulls/3540432705,United States,Doom/Sludge Metal,Active,https://www.metal-archives.com/images/3/5/4/0/3540432705_photo.jpg?2141
3540442261,A Comfortable Way to Rot,https://www.metal-archives.com/bands/A_Comfortable_Way_to_Rot/3540442261,New Zealand,Progressive Death Metal,Active,https://www.metal-archives.com/images/3/5/4/0/3540442261_photo.jpg?1849
3540474136,A Concrete Lifeline,https://www.metal-archives.com/bands/A_Concrete_Lifeline/3540474136,Canada,Heavy Metal/Hard Rock,Active,https://www.metal-archives.com/images/3/5/4/0/3540474136_photo.jpg?5132
80228,A Colour Cold Black,https://www.metal-archives.com/bands/A_Colour_Cold_Black/80228,Germany,Thrash/Doom/Death Metal (early); Thrash/Alternative/Industrial Metal (later),Split-up,https://www.metal-archives.com/images/8/0/2/2/80228_photo.jpg?5026
3540445071,A Congregation of Horns,https://www.metal-archives.com/bands/A_Congregation_of_Horns/3540445071,United Kingdom,Black Metal,Active,https://www.metal-archives.com/images/3/5/4/0/3540445071_photo.jpeg?4810
3540414888,A Constant Battle,https://www.metal-archives.com/bands/A_Constant_Battle/3540414888,United States,Thrash/Progressive Metal,Split-up,https://www.metal-archives.com/images/3/5/4/0/3540414888_photo.jpg?0408
3540396812,A Constant Storm,https://www.metal-archives.com/bands/A_Constant_Storm/3540396812,Portugal,"Melodic Death/Black Metal, Gothic Metal/Rock",Active,https://www.metal-archives.com/images/3/5/4/0/3540396812_photo.jpeg?4728
3540510172,A Constant Knowledge of Death,https://www.metal-archives.com/bands/A_Constant_Knowledge_of_Death/3540510172,United States,Progressive Sludge/Post-Metal/Hardcore,Active,https://www.metal-archives.com/images/3/5/4/0/3540510172_photo.jpg?2700
3540309339,A Cosmic Trail,https://www.metal-archives.com/bands/A_Cosmic_Trail/3540309339,Germany,Progressive Metal,Active,https://www.metal-archives.com/images/3/5/4/0/3540309339_photo.jpg?5504
110000,A Crack Baby Dead,https://www.metal-archives.com/bands/A_Crack_Baby_Dead/110000,United Kingdom,Black Metal/Grindcore,Unknown,
3540357799,A Crack in Time,https://www.metal-archives.com/bands/A_Crack_in_Time/3540357799,Greece,Melodic Death/Progressive Metal,Split-up,https://www.metal-archives.com/images/3/5/4/0/3540357799_photo.jpg?3451
3540415046,A Crime of Passion,https://www.metal-archives.com/bands/A_Crime_of_Passion/3540415046,United States,Progressive Death Metal/Deathcore,Unknown,https://www.metal-archives.com/images/3/5/4/0/3540415046_photo.jpg?2902
103459,A Critical Mass,https://www.metal-archives.com/bands/A_Critical_Mass/103459,United Kingdom,Thrash Metal,Split-up,
3540509664,A Creatures Cage,https://www.metal-archives.com/bands/A_Creatures_Cage/3540509664,United States,Power/Thrash Metal/Hard Rock,Active,https://www.metal-archives.com/images/3/5/4/0/3540509664_photo.jpg?2023
3540326201,A Cursed Spirit in the Mirror,https://www.metal-archives.com/bands/A_Cursed_Spirit_in_the_Mirror/3540326201,United States,Black Metal,Active,https://www.metal-archives.com/images/3/5/4/0/3540326201_photo.jpg?0043
3540491370,A Dance in Yellow,https://www.metal-archives.com/bands/A_Dance_in_Yellow/3540491370,Germany,Experimental/Melodic Death Metal,Active,
97641,A Dank Season,https://www.metal-archives.com/bands/A_Dank_Season/97641,United States,Southern/Thrash/Groove Metal,Active,https://www.metal-archives.com/images/9/7/6/4/97641_photo.jpg
60488,A Dark Performance,https://www.metal-archives.com/bands/A_Dark_Performance/60488,Bolivia,Melodic Death/Gothic Metal,Changed name,https://www.metal-archives.com/images/6/0/4/8/60488_photo.jpg?3933
97269,A Dark Halo,https://www.metal-archives.com/bands/A_Dark_Halo/97269,United States,Industrial/Thrash/Groove Metal,Active,https://www.metal-archives.com/images/9/7/2/6/97269_photo.jpg?2219
3540319989,A Dark Place,https://www.metal-archives.com/bands/A_Dark_Place/3540319989,Australia,Death Metal,Split-up,https://www.metal-archives.com/images/3/5/4/0/3540319989_photo.jpg
3540499959,A Dark Thought,https://www.metal-archives.com/bands/A_Dark_Thought/3540499959,Mexico,Depressive Black Metal,Active,https://www.metal-archives.com/images/3/5/4/0/3540499959_photo.jpg?2822
92629,A Dawn Within,https://www.metal-archives.com/bands/A_Dawn_Within/92629,United States,Progressive Melodic Death Metal/Metalcore,On hold,https://www.metal-archives.com/images/9/2/6/2/92629_photo.jpg
85435,A Dawn Serene,https://www.metal-archives.com/bands/A_Dawn_Serene/85435,Germany,Doom Metal,Unknown,https://www.metal-archives.com/images/8/5/4/3/85435_photo.jpg?3030
49148,A Darkened Sea,https://www.metal-archives.com/bands/A_Darkened_Sea/49148,United States,Gothic/Black/Doom Metal,Split-up,https://www.metal-archives.com/images/4/9/1/4/49148_photo.jpg
3540385977,A Day in Venice,https://www.metal-archives.com/bands/A_Day_in_Venice/3540385977,Italy,Gothic/Doom Metal,Active,https://www.metal-archives.com/images/3/5/4/0/3540385977_photo.jpg?2534
3540509928,A Day of No Sun,https://www.metal-archives.com/bands/A_Day_of_No_Sun/3540509928,Poland,Melodic Black Metal,Active,
3540500790,A Day of Violence,https://www.metal-archives.com/bands/A_Day_of_Violence/3540500790,United States,Deathcore,Split-up,https://www.metal-archives.com/images/3/5/4/0/3540500790_photo.jpg?4234
108258,A Day of Pigs,https://www.metal-archives.com/bands/A_Day_of_Pigs/108258,United States,Sludge Metal,Split-up,https://www.metal-archives.com/images/1/0/8/2/108258_photo.jpg
3540454289,A Day to Fall,https://www.metal-archives.com/bands/A_Day_to_Fall/3540454289,Argentina,Groove Metal/Metalcore,Active,
3540481900,A Day Worth Dying For,https://www.metal-archives.com/bands/A_Day_Worth_Dying_For/3540481900,United States,Melodic Death Metal/Deathcore,Split-up,
42229,A Day to Fall,https://www.metal-archives.com/bands/A_Day_to_Fall/42229,United States,Melodic Death/Thrash Metal,Changed name,https://www.metal-archives.com/images/4/2/2/2/42229_photo.jpg
3540474287,A Dead Cold Lament,https://www.metal-archives.com/bands/A_Dead_Cold_Lament/3540474287,Chile,Funeral Doom Metal,Active,https://www.metal-archives.com/images/3/5/4/0/3540474287_photo.jpg?3005
3540259012,A Dead Calling,https://www.metal-archives.com/bands/A_Dead_Calling/3540259012,United States,Deathcore,Split-up,https://www.metal-archives.com/images/3/5/4/0/3540259012_photo.jpg?1938
3540307911,A Dead End Society,https://www.metal-archives.com/bands/A_Dead_End_Society/3540307911,Germany,Melodic Death Metal/Metalcore,Active,https://www.metal-archives.com/images/3/5/4/0/3540307911_photo.jpg
3540264378,A Dead God...,https://www.metal-archives.com/bands/A_Dead_God.../3540264378,United States,Melodic Black Metal,Changed name,
116290,A Dead Lament,https://www.metal-archives.com/bands/A_Dead_Lament/116290,Germany,Melodic Death Metal/Metalcore,On hold,https://www.metal-archives.com/images/1/1/6/2/116290_photo.jpg
3540533977,A Dead Poem,https://www.metal-archives.com/bands/A_Dead_Poem/3540533977,Brazil,Doom/Black/Gothic Metal,Active,https://www.metal-archives.com/images/3/5/4/0/3540533977_photo.jpg?3433
3540482491,A Death by the Seaside,https://www.metal-archives.com/bands/A_Death_by_the_Seaside/3540482491,United States,Atmospheric Funeral Doom/Post-Metal,Active,https://www.metal-archives.com/images/3/5/4/0/3540482491_photo.jpg?0552
3540353270,A Dead Silence,https://www.metal-archives.com/bands/A_Dead_Silence/3540353270,Australia,Technical Deathcore,Split-up,https://www.metal-archives.com/images/3/5/4/0/3540353270_photo.jpg?2326
3540353740,A Death for Every Sin,https://www.metal-archives.com/bands/A_Death_for_Every_Sin/3540353740,Canada,Death Metal/Hardcore,Split-up,https://www.metal-archives.com/images/3/5/4/0/3540353740_photo.jpg?2344
3540317782,A Deathwish,https://www.metal-archives.com/bands/A_Deathwish/3540317782,Bolivia,Blackened Death Metal,Split-up,https://www.metal-archives.com/images/3/5/4/0/3540317782_photo.jpg
3540383972,A Deeper Dark,https://www.metal-archives.com/bands/A_Deeper_Dark/3540383972,United States,Thrash Metal/Hardcore,Active,
3540342576,A Descent in Graves,https://www.metal-archives.com/bands/A_Descent_in_Graves/3540342576,Belgium,Progressive Death/Groove Metal/Deathcore,On hold,https://www.metal-archives.com/images/3/5/4/0/3540342576_photo.jpg?3552
3540396552,A Devil's Daydream,https://www.metal-archives.com/bands/A_Devil%27s_Daydream/3540396552,United States,Melodic Black/Death Metal,Active,https://www.metal-archives.com/images/3/5/4/0/3540396552_photo.jpg?3332
114490,A Devilish Domain,https://www.metal-archives.com/bands/A_Devilish_Domain/114490,Japan,Melodic Death Metal/Metalcore,Unknown,https://www.metal-archives.com/images/1/1/4/4/114490_photo.jpg
3540322575,A Deeper Dreed,https://www.metal-archives.com/bands/A_Deeper_Dreed/3540322575,United Kingdom,Heavy Metal,Split-up,https://www.metal-archives.com/images/3/5/4/0/3540322575_photo.jpg
3540469743,A Diaboli,https://www.metal-archives.com/bands/A_Diaboli/3540469743,Norway,Black Metal,Unknown,https://www.metal-archives.com/images/3/5/4/0/3540469743_photo.png?3920
3540413509,A Distorted Utopia,https://www.metal-archives.com/bands/A_Distorted_Utopia/3540413509,United Kingdom,Technical Melodic Death Metal,Active,https://www.metal-archives.com/images/3/5/4/0/3540413509_photo.jpg?4802
3540386910,A Diadem of Dead Stars,https://www.metal-archives.com/bands/A_Diadem_of_Dead_Stars/3540386910,Greece,Atmospheric Black Metal,Active,https://www.metal-archives.com/images/3/5/4/0/3540386910_photo.jpg?1310
3540314441,A Distant Sun,https://www.metal-archives.com/bands/A_Distant_Sun/3540314441,Ireland,Atmospheric Black/Doom Metal,Changed name,https://www.metal-archives.com/images/3/5/4/0/3540314441_photo.jpg
3540513071,A Different Cloud,https://www.metal-archives.com/bands/A_Different_Cloud/3540513071,Unknown,Atmospheric Black Metal,Active,
3540513158,A Divinis,https://www.metal-archives.com/bands/A_Divinis/3540513158,United States,Technical/Blackened Death Metal,Active,
3540496959,A Dreadful Vision,https://www.metal-archives.com/bands/A_Dreadful_Vision/3540496959,Germany,Deathcore,Split-up,https://www.metal-archives.com/images/3/5/4/0/3540496959_photo.jpg?2409
3540511354,A Dream of Ghosts,https://www.metal-archives.com/bands/A_Dream_of_Ghosts/3540511354,United States,Sludge Metal/Hardcore,Active,https://www.metal-archives.com/images/3/5/4/0/3540511354_photo.jpg?2944
3540356522,A Document Says,https://www.metal-archives.com/bands/A_Document_Says/3540356522,Germany,Experimental/Sludge Metal,Active,https://www.metal-archives.com/images/3/5/4/0/3540356522_photo.jpg?3528
79756,A Dream of Poe,https://www.metal-archives.com/bands/A_Dream_of_Poe/79756,Portugal,Gothic/Doom Metal,Active,https://www.metal-archives.com/images/7/9/7/5/79756_photo.jpg?4432
3540433276,A Dream Set Fire,https://www.metal-archives.com/bands/A_Dream_Set_Fire/3540433276,United States,Groove/Thrash Metal,Active,https://www.metal-archives.com/images/3/5/4/0/3540433276_photo.jpg?5518
3540405673,A Failing Devotion,https://www.metal-archives.com/bands/A_Failing_Devotion/3540405673,France,Melodic Death Metal/Metalcore,Active,https://www.metal-archives.com/images/3/5/4/0/3540405673_photo.jpg?1133
3540512932,A Dying Soul,https://www.metal-archives.com/bands/A_Dying_Soul/3540512932,United States,Doom Metal/Experimental,Active,https://www.metal-archives.com/images/3/5/4/0/3540512932_photo.jpg?0447
3540362325,A Dying Season,https://www.metal-archives.com/bands/A_Dying_Season/3540362325,Mexico,Death Metal,Split-up,https://www.metal-archives.com/images/3/5/4/0/3540362325_photo.jpg?5531
3540377912,A Dying God,https://www.metal-archives.com/bands/A_Dying_God/3540377912,United Kingdom,Black Metal/Grindcore,Split-up,https://www.metal-archives.com/images/3/5/4/0/3540377912_photo.jpg?3150
3540291518,A Fallen Martyr,https://www.metal-archives.com/bands/A_Fallen_Martyr/3540291518,United States,Thrash/Groove Metal,Split-up,https://www.metal-archives.com/images/3/5/4/0/3540291518_photo.jpg
3540512598,A Felled Forest,https://www.metal-archives.com/bands/A_Felled_Forest/3540512598,United States,Black Metal,Active,https://www.metal-archives.com/images/3/5/4/0/3540512598_photo.jpg?2213
3540464932,A Fallen Theory,https://www.metal-archives.com/bands/A_Fallen_Theory/3540464932,Australia,Deathcore,Split-up,https://www.metal-archives.com/images/3/5/4/0/3540464932_photo.jpg?3328
3540508021,A Feast for Lampreys,https://www.metal-archives.com/bands/A_Feast_for_Lampreys/3540508021,United States,Melodic Black Metal,Active,https://www.metal-archives.com/images/3/5/4/0/3540508021_photo.jpg?0813
103252,A Fear Called Treason,https://www.metal-archives.com/bands/A_Fear_Called_Treason/103252,Germany,Melodic Death Metal,Split-up,https://www.metal-archives.com/images/1/0/3/2/103252_photo.jpg
3540327071,A Few Moments to Death,https://www.metal-archives.com/bands/A_Few_Moments_to_Death/3540327071,Russia,Melodic Death Metal,Split-up,https://www.metal-archives.com/images/3/5/4/0/3540327071_photo.jpg?4800
120050,A Fight Called Hope,https://www.metal-archives.com/bands/A_Fight_Called_Hope/120050,Germany,Metalcore/Melodic Death Metal,Split-up,https://www.metal-archives.com/images/1/2/0/0/120050_photo.jpg
3540400800,A Flourishing Scourge,https://www.metal-archives.com/bands/A_Flourishing_Scourge/3540400800,United States,Progressive Black/Death Metal,Active,https://www.metal-archives.com/images/3/5/4/0/3540400800_photo.jpg?5201
3540468821,A Few Seasons Later,https://www.metal-archives.com/bands/A_Few_Seasons_Later/3540468821,France,Progressive Metal/Rock,Split-up,https://www.metal-archives.com/images/3/5/4/0/3540468821_photo.jpg?2710
3540427776,A Fitting Revenge,https://www.metal-archives.com/bands/A_Fitting_Revenge/3540427776,United States,Melodic Death Metal/Metalcore,Active,https://www.metal-archives.com/images/3/5/4/0/3540427776_photo.jpg?2813
3540447136,A Flock Named Murder,https://www.metal-archives.com/bands/A_Flock_Named_Murder/3540447136,Canada,Black/Death/Post-Metal,Active,https://www.metal-archives.com/images/3/5/4/0/3540447136_photo.jpg?5942
48093,A Foot in the Grave,https://www.metal-archives.com/bands/A_Foot_in_the_Grave/48093,Italy,Thrash/Death Metal,Split-up,https://www.metal-archives.com/images/4/8/0/9/48093_photo.jpg
3540481782,A Fool's Mockery,https://www.metal-archives.com/bands/A_Fool%27s_Mockery/3540481782,United Kingdom,Progressive Rock/Metal,Active,https://www.metal-archives.com/images/3/5/4/0/3540481782_photo.jpg?2211
3540497169,A Fluorescent Finish,https://www.metal-archives.com/bands/A_Fluorescent_Finish/3540497169,United States,Black Metal,Active,
8591,A Forest,https://www.metal-archives.com/bands/A_Forest/8591,Italy,Black Metal,Split-up,https://www.metal-archives.com/images/8/5/9/1/8591_photo.gif?0430
23357,A Fonds Perdu,https://www.metal-archives.com/bands/A_Fonds_Perdu/23357,Austria,Gothic Metal,Split-up,https://www.metal-archives.com/images/2/3/3/5/23357_photo.jpg
3540377649,A Ghastly Menace,https://www.metal-archives.com/bands/A_Ghastly_Menace/3540377649,United States,Noise (early); Metalcore (later),Active,https://www.metal-archives.com/images/3/5/4/0/3540377649_photo.jpg?5722
3540472869,A Forest of Dreams,https://www.metal-archives.com/bands/A_Forest_of_Dreams/3540472869,Portugal,Atmospheric Black Metal/Ambient,Active,https://www.metal-archives.com/images/3/5/4/0/3540472869_photo.jpg?5938
116928,A Formula Controlled Emotion,https://www.metal-archives.com/bands/A_Formula_Controlled_Emotion/116928,Germany,Death/Thrash Metal,Split-up,https://www.metal-archives.com/images/1/1/6/9/116928_photo.jpg?5929
3540508545,A Ghost in Rags,https://www.metal-archives.com/bands/A_Ghost_in_Rags/3540508545,Germany,Sludge/Doom Metal/Post-Metal,Active,
115504,A Forest of Stars,https://www.metal-archives.com/bands/A_Forest_of_Stars/115504,United Kingdom,Avant-garde/Progressive Black Metal,Active,https://www.metal-archives.com/images/1/1/5/5/115504_photo.jpg?4049
3540530131,A Glimmer ov Death,https://www.metal-archives.com/bands/A_Glimmer_ov_Death/3540530131,United States,Blackened Death Metal,Active,https://www.metal-archives.com/images/3/5/4/0/3540530131_photo.jpg?2654
3540269773,A Gift Called Anger,https://www.metal-archives.com/bands/A_Gift_Called_Anger/3540269773,Germany,Metalcore/Thrash Metal,Active,https://www.metal-archives.com/images/3/5/4/0/3540269773_photo.jpg?5426
3540436708,A Ghost Named Alice,https://www.metal-archives.com/bands/A_Ghost_Named_Alice/3540436708,Austria,Progressive Power Metal,Split-up,https://www.metal-archives.com/images/3/5/4/0/3540436708_photo.jpg?5405
3540524489,A Goatless Eternity,https://www.metal-archives.com/bands/A_Goatless_Eternity/3540524489,Australia,Melodic Death Metal,Unknown,
3540490400,A Goat as Our Shepherd,https://www.metal-archives.com/bands/A_Goat_as_Our_Shepherd/3540490400,Belgium,Death Metal,Active,https://www.metal-archives.com/images/3/5/4/0/3540490400_photo.jpg?1844
3540421038,A God from the Machine,https://www.metal-archives.com/bands/A_God_from_the_Machine/3540421038,United States,Progressive Black Metal,Unknown,
3540359426,A God or an Other,https://www.metal-archives.com/bands/A_God_or_an_Other/3540359426,United States,Atmospheric Post-Black Metal,Split-up,https://www.metal-archives.com/images/3/5/4/0/3540359426_photo.jpg?4248
9410,A Good Day for Killing,https://www.metal-archives.com/bands/A_Good_Day_for_Killing/9410,Thailand,Brutal Death Metal,Active,https://www.metal-archives.com/images/9/4/1/0/9410_photo.jpg?3109
3540490169,A Gram Trip,https://www.metal-archives.com/bands/A_Gram_Trip/3540490169,Croatia,Stoner/Doom/Sludge Metal,Active,https://www.metal-archives.com/images/3/5/4/0/3540490169_photo.jpg?4605
3540364172,A Grave Calling,https://www.metal-archives.com/bands/A_Grave_Calling/3540364172,United States,Progressive Death Metal/Deathcore,Split-up,https://www.metal-archives.com/images/3/5/4/0/3540364172_photo.jpg?1347
3540484660,A Grave for Small Birds,https://www.metal-archives.com/bands/A_Grave_for_Small_Birds/3540484660,United States,Melodic Post-Black Metal,Active,https://www.metal-archives.com/images/3/5/4/0/3540484660_photo.jpg?5659
3540361976,A Greed Science,https://www.metal-archives.com/bands/A_Greed_Science/3540361976,Australia,Death Metal,Active,https://www.metal-archives.com/images/3/5/4/0/3540361976_photo.jpg?3441
3540550184,A Guide to Suicide,https://www.metal-archives.com/bands/A_Guide_to_Suicide/3540550184,United States,Deathcore,Split-up,https://www.metal-archives.com/images/3/5/4/0/3540550184_photo.jpg?5017
3540487281,A Grim Saga,https://www.metal-archives.com/bands/A_Grim_Saga/3540487281,United States,Sludge Metal,Active,
14859,A Gruesome Find,https://www.metal-archives.com/bands/A_Gruesome_Find/14859,United States,Black/Death Metal,Unknown,https://www.metal-archives.com/images/1/4/8/5/14859_photo.jpg
3540377537,A Hanging,https://www.metal-archives.com/bands/A_Hanging/3540377537,United States,Thrash Metal/Hardcore,Changed name,https://www.metal-archives.com/images/3/5/4/0/3540377537_photo.jpg?2227
3540492424,A Haunted Mantra,https://www.metal-archives.com/bands/A_Haunted_Mantra/3540492424,United States,Melodic Death Metal,Split-up,https://www.metal-archives.com/images/3/5/4/0/3540492424_photo.jpg?4823
3540361856,A Hero for the World,https://www.metal-archives.com/bands/A_Hero_for_the_World/3540361856,Philippines,Power Metal,Active,https://www.metal-archives.com/images/3/5/4/0/3540361856_photo.jpg?0410
3540256497,A Hill to Die Upon,https://www.metal-archives.com/bands/A_Hill_to_Die_Upon/3540256497,United States,Black/Death Metal,Active,https://www.metal-archives.com/images/3/5/4/0/3540256497_photo.jpg?0144
127828,A Hellish Digest,https://www.metal-archives.com/bands/A_Hellish_Digest/127828,Greece,Progressive Melodic Death Metal,Split-up,https://www.metal-archives.com/images/1/2/7/8/127828_photo.jpg
3540361314,A Hitman's Business,https://www.metal-archives.com/bands/A_Hitman%27s_Business/3540361314,Canada,Deathcore,Split-up,https://www.metal-archives.com/images/3/5/4/0/3540361314_photo.jpg?3003
117133,A Horse Called War,https://www.metal-archives.com/bands/A_Horse_Called_War/117133,United Kingdom,Sludge Metal,Active,https://www.metal-archives.com/images/1/1/7/1/117133_photo.jpg?3448
113471,A Hope of Life,https://www.metal-archives.com/bands/A_Hope_of_Life/113471,Chile,Melodic Death Metal/Metalcore,Active,https://www.metal-archives.com/images/1/1/3/4/113471_photo.jpg
116418,A House Cursed,https://www.metal-archives.com/bands/A_House_Cursed/116418,United States,Death/Groove Metal,Split-up,https://www.metal-archives.com/images/1/1/6/4/116418_photo.jpg
3540537309,A Horror Story,https://www.metal-archives.com/bands/A_Horror_Story/3540537309,United States,Metalcore,Split-up,
3540381620,A Human Costume,https://www.metal-archives.com/bands/A_Human_Costume/3540381620,United States,"Melodic Death Metal, Metalcore",Active,https://www.metal-archives.com/images/3/5/4/0/3540381620_photo.jpg?1105
121064,A Joker and His Gun,https://www.metal-archives.com/bands/A_Joker_and_His_Gun/121064,Australia,Deathcore,Split-up,https://www.metal-archives.com/images/1/2/1/0/121064_photo.jpg
122096,A Kid Hereafter in the Grinding Light,https://www.metal-archives.com/bands/A_Kid_Hereafter_in_the_Grinding_Light/122096,Denmark,Avant-garde Grindcore,Split-up,https://www.metal-archives.com/images/1/2/2/0/122096_photo.jpg
3540535520,A Karmic Gray,https://www.metal-archives.com/bands/A_Karmic_Gray/3540535520,United States,"Metalcore, Technical Death Metal",Active,https://www.metal-archives.com/images/3/5/4/0/3540535520_photo.jpg?0055
3540322601,A II R,https://www.metal-archives.com/bands/A_II_R/3540322601,Italy,Experimental Progressive Metal/Rock,Unknown,https://www.metal-archives.com/images/3/5/4/0/3540322601_photo.jpg
3540273493,A Kill a Tem,https://www.metal-archives.com/bands/A_Kill_a_Tem/3540273493,Germany,Thrash Metal,Split-up,
3540539000,A Killing Glance,https://www.metal-archives.com/bands/A_Killing_Glance/3540539000,Spain,Melodic Death Metal/Metalcore,Unknown,https://www.metal-archives.com/images/3/5/4/0/3540539000_photo.jpg?4429
3540446828,A Knot of Tongues,https://www.metal-archives.com/bands/A_Knot_of_Tongues/3540446828,Croatia,Atmospheric Black Metal/Drone,Active,https://www.metal-archives.com/images/3/5/4/0/3540446828_photo.jpg?1817
3540523216,A la Fin de l'Univers,https://www.metal-archives.com/bands/A_la_Fin_de_l%27Univers/3540523216,France,Dark Ambient (early); Atmospheric Black Metal/Ambient (later),Active,
3540510514,A la Carte,https://www.metal-archives.com/bands/A_la_Carte/3540510514,United States,Death Metal,Active,https://www.metal-archives.com/images/3/5/4/0/3540510514_photo.jpg?4435
3540518028,À la Lanterne,https://www.metal-archives.com/bands/%C3%80_la_Lanterne/3540518028,France,Melodic Black Metal,Active,https://www.metal-archives.com/images/3/5/4/0/3540518028_photo.jpg?2109
3540360996,A Land Beyond the Sea,https://www.metal-archives.com/bands/A_Land_Beyond_the_Sea/3540360996,Finland,Melodic Black Metal,Split-up,https://www.metal-archives.com/images/3/5/4/0/3540360996_photo.jpg?3324
3540460078,A Lapse of Ethos,https://www.metal-archives.com/bands/A_Lapse_of_Ethos/3540460078,United States,Deathcore,Active,https://www.metal-archives.com/images/3/5/4/0/3540460078_photo.jpg?3716
3540525260,A Lapse of Solitude,https://www.metal-archives.com/bands/A_Lapse_of_Solitude/3540525260,Spain,Atmospheric/Post-Black Metal,Active,
27230,A Legend Falls,https://www.metal-archives.com/bands/A_Legend_Falls/27230,Canada,Melodic/Progressive Metal,Split-up,https://www.metal-archives.com/images/2/7/2/3/27230_photo.jpg
3540501687,A Lesson in Violence,https://www.metal-archives.com/bands/A_Lesson_in_Violence/3540501687,United States,Thrash Metal/Metalcore,Unknown,https://www.metal-archives.com/images/3/5/4/0/3540501687_photo.jpg?1051
3540469145,A Letter from Drowner,https://www.metal-archives.com/bands/A_Letter_from_Drowner/3540469145,Russia,Atmospheric Post-Black Metal,Active,
3540468818,A Light in the Dark,https://www.metal-archives.com/bands/A_Light_in_the_Dark/3540468818,Russia,Atmospheric/Post-Black Metal/Shoegaze,Active,https://www.metal-archives.com/images/3/5/4/0/3540468818_photo.jpg?2328
3540395918,A Lie Nation,https://www.metal-archives.com/bands/A_Lie_Nation/3540395918,Finland,Melodic Black Metal,Active,https://www.metal-archives.com/images/3/5/4/0/3540395918_photo.jpeg?1421
1897,A Life Once Lost,https://www.metal-archives.com/bands/A_Life_Once_Lost/1897,United States,Metalcore/Groove Metal,Split-up,https://www.metal-archives.com/images/1/8/9/7/1897_photo.jpg?2754
17865,A Life Less Alive,https://www.metal-archives.com/bands/A_Life_Less_Alive/17865,United States,Death Metal,Active,https://www.metal-archives.com/images/1/7/8/6/17865_photo.jpeg?1405
3540385674,A Limbo of Insanity,https://www.metal-archives.com/bands/A_Limbo_of_Insanity/3540385674,Bolivia,Doom/Black Metal,Active,https://www.metal-archives.com/images/3/5/4/0/3540385674_photo.jpg?2540
41054,A Limine,https://www.metal-archives.com/bands/A_Limine/41054,Mexico,Melodic Death/Black Metal,Split-up,https://www.metal-archives.com/images/4/1/0/5/41054_photo.jpg
3540278948,A Little Magic,https://www.metal-archives.com/bands/A_Little_Magic/3540278948,Japan,Melodic Power Metal,Unknown,
3540499322,A Little Beauty,https://www.metal-archives.com/bands/A_Little_Beauty/3540499322,Latvia,Industrial Thrash/Death Metal,Split-up,https://www.metal-archives.com/images/3/5/4/0/3540499322_photo.jpg?4752
103227,A Living Burden,https://www.metal-archives.com/bands/A_Living_Burden/103227,United States,Melodic Death/Thrash Metal/Metalcore,Split-up,https://www.metal-archives.com/images/1/0/3/2/103227_photo.jpg
3540482980,A Living Sacrifice,https://www.metal-archives.com/bands/A_Living_Sacrifice/3540482980,United States,Heavy/Thrash Metal,Unknown,
3540309215,A Loathing Requiem,https://www.metal-archives.com/bands/A_Loathing_Requiem/3540309215,United States,Technical Death Metal,Active,https://www.metal-archives.com/images/3/5/4/0/3540309215_photo.jpg?4756
3540277989,A Long Forgotten Power,https://www.metal-archives.com/bands/A_Long_Forgotten_Power/3540277989,United States,Black Metal,Unknown,
3540282953,A Lone Variant,https://www.metal-archives.com/bands/A_Lone_Variant/3540282953,Portugal,Stoner/Doom Metal/Ambient,Split-up,https://www.metal-archives.com/images/3/5/4/0/3540282953_photo.jpg
92977,A Losing Season,https://www.metal-archives.com/bands/A_Losing_Season/92977,Hungary,Melodic Death Metal,Split-up,https://www.metal-archives.com/images/9/2/9/7/92977_photo.jpg?4729
3540464397,A Lost Humanity,https://www.metal-archives.com/bands/A_Lost_Humanity/3540464397,Mexico,Death Metal/Crust/Grindcore,Active,https://www.metal-archives.com/images/3/5/4/0/3540464397_photo.jpg?3218
3540551148,A Lot like Death,https://www.metal-archives.com/bands/A_Lot_like_Death/3540551148,Malaysia,Deathcore,Unknown,https://www.metal-archives.com/images/3/5/4/0/3540551148_photo.png?1117
3540484156,A Lovely Day for Bloodshed,https://www.metal-archives.com/bands/A_Lovely_Day_for_Bloodshed/3540484156,United States,Deathcore,Split-up,https://www.metal-archives.com/images/3/5/4/0/3540484156_photo.jpg?5900
81520,A Love Ends Suicide,https://www.metal-archives.com/bands/A_Love_Ends_Suicide/81520,United States,Progressive Heavy Metal/Metalcore,Changed name,https://www.metal-archives.com/images/8/1/5/2/81520_photo.jpg
3995,A Lower Deep,https://www.metal-archives.com/bands/A_Lower_Deep/3995,United States,Power/Thrash Metal,Unknown,https://www.metal-archives.com/images/3/9/9/5/3995_photo.jpg
3540538946,A Lucid Nightmare,https://www.metal-archives.com/bands/A_Lucid_Nightmare/3540538946,Canada,Groove/Thrash Metal/Crossover,Active,https://www.metal-archives.com/images/3/5/4/0/3540538946_photo.jpg?2631
3540486887,A Man a Wolf a Killer,https://www.metal-archives.com/bands/A_Man_a_Wolf_a_Killer/3540486887,Austria,Metalcore,Active,https://www.metal-archives.com/images/3/5/4/0/3540486887_photo.jpg?1246
3540478580,A Man Named Onigumo,https://www.metal-archives.com/bands/A_Man_Named_Onigumo/3540478580,United States,Progressive/Brutal Death Metal,Active,
3540499103,A Mátar,https://www.metal-archives.com/bands/A_M%C3%A1tar/3540499103,Bolivia,Depressive Black Metal,Active,https://www.metal-archives.com/images/3/5/4/0/3540499103_photo.jpg?2915
3540331183,A Mental Disorder,https://www.metal-archives.com/bands/A_Mental_Disorder/3540331183,United States,Black Metal,Split-up,
3540527529,A Martyr's Fall,https://www.metal-archives.com/bands/A_Martyr%27s_Fall/3540527529,United States,Melodic Metalcore,Active,https://www.metal-archives.com/images/3/5/4/0/3540527529_photo.jpg?5333
3540324237,A Million Dead Birds Laughing,https://www.metal-archives.com/bands/A_Million_Dead_Birds_Laughing/3540324237,Australia,Technical Death Metal/Grindcore,Active,https://www.metal-archives.com/images/3/5/4/0/3540324237_photo.jpg?1350
3540283524,A Million Miles,https://www.metal-archives.com/bands/A_Million_Miles/3540283524,Germany,Heavy/Stoner/Alternative Metal,Split-up,https://www.metal-archives.com/images/3/5/4/0/3540283524_photo.jpg?5208
3540442981,A Mind Traveller,https://www.metal-archives.com/bands/A_Mind_Traveller/3540442981,Russia,Technical Deathcore,Active,https://www.metal-archives.com/images/3/5/4/0/3540442981_photo.jpeg?2429
2298,A Mind Confused,https://www.metal-archives.com/bands/A_Mind_Confused/2298,Sweden,Melodic Death Metal,Split-up,https://www.metal-archives.com/images/2/2/9/8/2298_photo.jpg
3540471145,A Million Evil Faces,https://www.metal-archives.com/bands/A_Million_Evil_Faces/3540471145,Malaysia,Melodic Death Metal/Metalcore,Active,https://www.metal-archives.com/images/3/5/4/0/3540471145_photo.jpg?5804
3540435145,A Misery Memoir,https://www.metal-archives.com/bands/A_Misery_Memoir/3540435145,United States,Melodic Death Metal,Active,
3540537392,A Modern Prometheus,https://www.metal-archives.com/bands/A_Modern_Prometheus/3540537392,Canada,Progressive Death Metal,Active,https://www.metal-archives.com/images/3/5/4/0/3540537392_photo.jpg?3613
3540455506,A Morbid Masquerade,https://www.metal-archives.com/bands/A_Morbid_Masquerade/3540455506,United States,Melodic/Technical Death Metal/Deathcore,Active,
46674,A Mors et Bello,https://www.metal-archives.com/bands/A_Mors_et_Bello/46674,Mexico,Black Metal,Active,https://www.metal-archives.com/images/4/6/6/7/46674_photo.jpg
3540312291,A Monumental Black Statue,https://www.metal-archives.com/bands/A_Monumental_Black_Statue/3540312291,Italy,Black Metal,Active,https://www.metal-archives.com/images/3/5/4/0/3540312291_photo.jpg?4539
3540401438,A Mother Engulfed in 3 Characters,https://www.metal-archives.com/bands/A_Mother_Engulfed_in_3_Characters/3540401438,Finland,Atmospheric Post-Black Metal,Split-up,
3540309248,A Motive Inhumane,https://www.metal-archives.com/bands/A_Motive_Inhumane/3540309248,Cyprus,Melodic Death Metal,Split-up,https://www.metal-archives.com/images/3/5/4/0/3540309248_photo.jpg
3540519369,A Murder Dirge,https://www.metal-archives.com/bands/A_Murder_Dirge/3540519369,Mexico,Deathcore,Active,https://www.metal-archives.com/images/3/5/4/0/3540519369_photo.jpg?3257
3540488346,A Mournful Path,https://www.metal-archives.com/bands/A_Mournful_Path/3540488346,Australia,Atmospheric Black Metal,Active,https://www.metal-archives.com/images/3/5/4/0/3540488346_photo.jpg?3346
3540435719,A Murder Confession,https://www.metal-archives.com/bands/A_Murder_Confession/3540435719,Colombia,Melodic Death Metal,Active,https://www.metal-archives.com/images/3/5/4/0/3540435719_photo.jpg?5850
3540503783,A Mourning Star,https://www.metal-archives.com/bands/A_Mourning_Star/3540503783,Canada,Metalcore/Melodic Death Metal,Active,https://www.metal-archives.com/images/3/5/4/0/3540503783_photo.jpg?4320
3540317655,A Murder of Crows,https://www.metal-archives.com/bands/A_Murder_of_Crows/3540317655,Australia,Thrash Metal/Metalcore,Active,https://www.metal-archives.com/images/3/5/4/0/3540317655_photo.jpg?3013
3540457574,A Murderer's Thought,https://www.metal-archives.com/bands/A_Murderer%27s_Thought/3540457574,United Kingdom,Death Metal,Active,https://www.metal-archives.com/images/3/5/4/0/3540457574_photo.jpg?0708
3540481518,A Mutilated Mind,https://www.metal-archives.com/bands/A_Mutilated_Mind/3540481518,United States,Death Metal/Hardcore,Active,https://www.metal-archives.com/images/3/5/4/0/3540481518_photo.jpg?2024
3540443211,A Nail Through the Urethra,https://www.metal-archives.com/bands/A_Nail_Through_the_Urethra/3540443211,Italy,Slam/Brutal Death Metal,Unknown,https://www.metal-archives.com/images/3/5/4/0/3540443211_photo.jpg?1430
3540399231,A Naked Soul,https://www.metal-archives.com/bands/A_Naked_Soul/3540399231,Mexico,Doom/Death Metal,Changed name,https://www.metal-archives.com/images/3/5/4/0/3540399231_photo.jpg?2207
3540476678,A Nameless Dread,https://www.metal-archives.com/bands/A_Nameless_Dread/3540476678,South Africa,Death Metal,Active,https://www.metal-archives.com/images/3/5/4/0/3540476678_photo.jpg?1036
3540484491,A New Machine,https://www.metal-archives.com/bands/A_New_Machine/3540484491,Canada,Black/Death Metal/Hardcore,Active,https://www.metal-archives.com/images/3/5/4/0/3540484491_photo.jpg?5356
3540338738,A Night at the Chalet,https://www.metal-archives.com/bands/A_Night_at_the_Chalet/3540338738,United States,Deathcore,Split-up,https://www.metal-archives.com/images/3/5/4/0/3540338738_photo.jpg?0728
32044,A New Dawn,https://www.metal-archives.com/bands/A_New_Dawn/32044,Netherlands,Melodic Death/Gothic/Heavy Metal,Active,https://www.metal-archives.com/images/3/2/0/4/32044_photo.jpg?1107
3540491689,A Night in Texas,https://www.metal-archives.com/bands/A_Night_in_Texas/3540491689,Australia,Technical Deathcore,Active,https://www.metal-archives.com/images/3/5/4/0/3540491689_photo.jpg?1846
3540413586,A Night in the Abyss,https://www.metal-archives.com/bands/A_Night_in_the_Abyss/3540413586,United Kingdom,Symphonic/Technical Deathcore,Active,https://www.metal-archives.com/images/3/5/4/0/3540413586_photo.jpg?1703
3540505460,A Notion of Silence,https://www.metal-archives.com/bands/A_Notion_of_Silence/3540505460,United States,Progressive Metal/Rock,Active,https://www.metal-archives.com/images/3/5/4/0/3540505460_photo.jpg?0942
3540473543,A Nuestra Manera,https://www.metal-archives.com/bands/A_Nuestra_Manera/3540473543,Argentina,Heavy Metal,Split-up,https://www.metal-archives.com/images/3/5/4/0/3540473543_photo.jpg?4004
3540404833,A Novelist,https://www.metal-archives.com/bands/A_Novelist/3540404833,United States,Progressive Death Metal,Active,https://www.metal-archives.com/images/3/5/4/0/3540404833_photo.jpg?0655
3540399369,A Pale December,https://www.metal-archives.com/bands/A_Pale_December/3540399369,Italy,"Atmospheric Black Metal, Ambient",Active,https://www.metal-archives.com/images/3/5/4/0/3540399369_photo.jpg?2715
3540322608,A Pale Horse Named Death,https://www.metal-archives.com/bands/A_Pale_Horse_Named_Death/3540322608,United States,Doom/Gothic Metal,Active,https://www.metal-archives.com/images/3/5/4/0/3540322608_photo.jpg?5610
3540553028,A Patient Weapon,https://www.metal-archives.com/bands/A_Patient_Weapon/3540553028,United States,Progressive Power Metal,Active,https://www.metal-archives.com/images/3/5/4/0/3540553028_photo.jpg?1628
123495,A Peaceful Chaos,https://www.metal-archives.com/bands/A_Peaceful_Chaos/123495,Portugal,Death/Sludge Metal,Split-up,https://www.metal-archives.com/images/1/2/3/4/123495_photo.jpg
14433,A Perpetual Dying Mirror,https://www.metal-archives.com/bands/A_Perpetual_Dying_Mirror/14433,Mexico,Doom/Death Metal,Split-up,https://www.metal-archives.com/images/1/4/4/3/14433_photo.jpg
64834,A Perfect Murder,https://www.metal-archives.com/bands/A_Perfect_Murder/64834,Canada,Metalcore/Groove Metal,Active,https://www.metal-archives.com/images/6/4/8/3/64834_photo.jpg?0122
3540377756,A Persuasive Reason,https://www.metal-archives.com/bands/A_Persuasive_Reason/3540377756,United States,Symphonic/Progressive/Gothic Metal,Active,https://www.metal-archives.com/images/3/5/4/0/3540377756_photo.jpg?1736
3540501720,A Piece for You to Bury,https://www.metal-archives.com/bands/A_Piece_for_You_to_Bury/3540501720,Sweden,Black Metal,Changed name,https://www.metal-archives.com/images/3/5/4/0/3540501720_photo.jpg?0806
3540384834,A Pinga e o Diabo,https://www.metal-archives.com/bands/A_Pinga_e_o_Diabo/3540384834,Brazil,Southern/Groove Metal,Active,https://www.metal-archives.com/images/3/5/4/0/3540384834_photo.jpg?0715
3540512458,A Place to Suffer,https://www.metal-archives.com/bands/A_Place_to_Suffer/3540512458,Chile,Deathcore,Active,
3540322596,A Piece of Orpheus,https://www.metal-archives.com/bands/A_Piece_of_Orpheus/3540322596,Netherlands,Symphonic Progressive Metal/Rock,Active,https://www.metal-archives.com/images/3/5/4/0/3540322596_photo.jpg
3540368163,A Place for Murder,https://www.metal-archives.com/bands/A_Place_for_Murder/3540368163,Italy,Death Metal,Active,https://www.metal-archives.com/images/3/5/4/0/3540368163_photo.jpg?5022
3540473271,A Plague,https://www.metal-archives.com/bands/A_Plague/3540473271,Brazil,Black Metal,Active,https://www.metal-archives.com/images/3/5/4/0/3540473271_photo.jpg?1605
3540401592,A Plague in Faith,https://www.metal-archives.com/bands/A_Plague_in_Faith/3540401592,United States,Technical Death Metal,Split-up,https://www.metal-archives.com/images/3/5/4/0/3540401592_photo.jpg?0828
3540361949,A Plumbers Nightmare,https://www.metal-archives.com/bands/A_Plumbers_Nightmare/3540361949,Germany,Melodic Death Metal/Deathcore,Active,https://www.metal-archives.com/images/3/5/4/0/3540361949_photo.jpg?1146
3540342676,A Pocket Sized Sun,https://www.metal-archives.com/bands/A_Pocket_Sized_Sun/3540342676,Germany,Power/Death Metal,Split-up,https://www.metal-archives.com/images/3/5/4/0/3540342676_photo.jpg?2048
3540441209,A Portrait of Flesh and Blood,https://www.metal-archives.com/bands/A_Portrait_of_Flesh_and_Blood/3540441209,United States,Symphonic/Depressive Black Metal,Active,https://www.metal-archives.com/images/3/5/4/0/3540441209_photo.jpg?1949
3540329974,A Pregnant Light,https://www.metal-archives.com/bands/A_Pregnant_Light/3540329974,United States,"Post-Black Metal, Post-Rock/Hardcore",Active,https://www.metal-archives.com/images/3/5/4/0/3540329974_photo.jpg?1423
3540338514,A Premonition,https://www.metal-archives.com/bands/A_Premonition/3540338514,Argentina,Ambient/Black Metal,Split-up,https://www.metal-archives.com/images/3/5/4/0/3540338514_photo.jpg?0920
3540317360,A Prison Called Earth,https://www.metal-archives.com/bands/A_Prison_Called_Earth/3540317360,France,Progressive Metal,Active,https://www.metal-archives.com/images/3/5/4/0/3540317360_photo.jpg
88789,A Psychic Opera,https://www.metal-archives.com/bands/A_Psychic_Opera/88789,Germany,Progressive/Thrash Metal,Changed name,https://www.metal-archives.com/images/8/8/7/8/88789_photo.jpg?5132
3540477361,A Pretext to Human Suffering,https://www.metal-archives.com/bands/A_Pretext_to_Human_Suffering/3540477361,International,Technical/Brutal Death Metal,Active,https://www.metal-archives.com/images/3/5/4/0/3540477361_photo.jpg?2047
50720,A Punto,https://www.metal-archives.com/bands/A_Punto/50720,Argentina,Death/Thrash Metal,Split-up,https://www.metal-archives.com/images/5/0/7/2/50720_photo.jpg
3540552649,A Purga,https://www.metal-archives.com/bands/A_Purga/3540552649,Portugal,Post-Black Metal,Active,
3540534601,A Raiva,https://www.metal-archives.com/bands/A_Raiva/3540534601,Brazil,Metalcore,Active,https://www.metal-archives.com/images/3/5/4/0/3540534601_photo.jpg?5452
3540259726,A Pyrrhic Victory,https://www.metal-archives.com/bands/A_Pyrrhic_Victory/3540259726,United States,Metalcore,Active,https://www.metal-archives.com/images/3/5/4/0/3540259726_photo.jpg?3457
34717,A Ravens Forest,https://www.metal-archives.com/bands/A_Ravens_Forest/34717,Canada,Black Metal,Unknown,https://www.metal-archives.com/images/3/4/7/1/34717_photo.jpg?3125
82824,A Red Dawn,https://www.metal-archives.com/bands/A_Red_Dawn/82824,Australia,Groove Metal,Unknown,https://www.metal-archives.com/images/8/2/8/2/82824_photo.jpg
23122,A Retch of Blood,https://www.metal-archives.com/bands/A_Retch_of_Blood/23122,United Kingdom,Black Metal,Changed name,https://www.metal-archives.com/images/2/3/1/2/23122_photo.jpg
3540517612,A Rising Chapter,https://www.metal-archives.com/bands/A_Rising_Chapter/3540517612,Germany,Deathcore,Active,https://www.metal-archives.com/images/3/5/4/0/3540517612_photo.jpg?0805
3540480267,A Refraction,https://www.metal-archives.com/bands/A_Refraction/3540480267,Moldova,Atmospheric Black Metal/Ambient,Active,https://www.metal-archives.com/images/3/5/4/0/3540480267_photo.jpg?2628
3540378280,A Red Nightmare,https://www.metal-archives.com/bands/A_Red_Nightmare/3540378280,Brazil,Deathcore,Active,https://www.metal-archives.com/images/3/5/4/0/3540378280_photo.jpg?3704
3540433310,À Répit,https://www.metal-archives.com/bands/%C3%80_R%C3%A9pit/3540433310,Italy,Black Metal,Active,https://www.metal-archives.com/images/3/5/4/0/3540433310_photo.jpg?1556
3540512047,A Sangrar Se Aprende Sangrando,https://www.metal-archives.com/bands/A_Sangrar_Se_Aprende_Sangrando/3540512047,Spain,Heavy Metal/Punk,Split-up,https://www.metal-archives.com/images/3/5/4/0/3540512047_photo.jpg?2833
3540377305,A Sable Opiate,https://www.metal-archives.com/bands/A_Sable_Opiate/3540377305,Germany,Melodic Black Metal,Split-up,https://www.metal-archives.com/images/3/5/4/0/3540377305_photo.jpg?4357
3540377855,A Sad Bada,https://www.metal-archives.com/bands/A_Sad_Bada/3540377855,Chile,Sludge/Doom Metal/Post-Rock,Active,https://www.metal-archives.com/images/3/5/4/0/3540377855_photo.jpg?0133
110120,A Sailor's Grave,https://www.metal-archives.com/bands/A_Sailor%27s_Grave/110120,Germany,Metalcore,Split-up,https://www.metal-archives.com/images/1/1/0/1/110120_photo.jpg
3540492132,A Rose Dying in the Rain,https://www.metal-archives.com/bands/A_Rose_Dying_in_the_Rain/3540492132,Mexico,Post-Black Metal,Active,https://www.metal-archives.com/images/3/5/4/0/3540492132_photo.jpg?1932
3540276805,A Scapegoat's Faith,https://www.metal-archives.com/bands/A_Scapegoat%27s_Faith/3540276805,United States,Progressive Gothic Metal,Unknown,https://www.metal-archives.com/images/3/5/4/0/3540276805_photo.jpg
3540525813,A Scarlet Gospel,https://www.metal-archives.com/bands/A_Scarlet_Gospel/3540525813,United States,Deathcore,Active,
3540413804,A Sea of Silent Skulls,https://www.metal-archives.com/bands/A_Sea_of_Silent_Skulls/3540413804,United States,Doom Metal,Active,
115425,A Season in Hell,https://www.metal-archives.com/bands/A_Season_in_Hell/115425,Brazil,Progressive/Death Metal,Changed name,https://www.metal-archives.com/images/1/1/5/4/115425_photo.jpg
3540384817,A Scar for the Wicked,https://www.metal-archives.com/bands/A_Scar_for_the_Wicked/3540384817,Canada,Deathcore,Active,https://www.metal-archives.com/images/3/5/4/0/3540384817_photo.jpg?2214
3540492467,A Serious Day,https://www.metal-archives.com/bands/A_Serious_Day/3540492467,Italy,Metalcore,Split-up,https://www.metal-archives.com/images/3/5/4/0/3540492467_photo.jpg?5956
3540466927,A Second of Silence,https://www.metal-archives.com/bands/A_Second_of_Silence/3540466927,Mexico,Metalcore,Active,https://www.metal-archives.com/images/3/5/4/0/3540466927_photo.jpg?5557
3540475068,A Serpent's Hand,https://www.metal-archives.com/bands/A_Serpent%27s_Hand/3540475068,United States,Melodic Death Metal/Metalcore,Active,https://www.metal-archives.com/images/3/5/4/0/3540475068_photo.jpg?5745
3540467879,A Secret Ending,https://www.metal-archives.com/bands/A_Secret_Ending/3540467879,Lithuania,Symphonic/Melodic Death Metal,Active,
3540377382,A Sense of Gravity,https://www.metal-archives.com/bands/A_Sense_of_Gravity/3540377382,United States,Djent (early); Progressive Metal (later),Active,https://www.metal-archives.com/images/3/5/4/0/3540377382_photo.jpg?1407
1784,A Shattered Dream,https://www.metal-archives.com/bands/A_Shattered_Dream/1784,United States,Progressive Metal,Split-up,https://www.metal-archives.com/images/1/7/8/4/1784_photo.jpg
100025,A Shattered Reflection,https://www.metal-archives.com/bands/A_Shattered_Reflection/100025,United States,Melodic Death Metal/Metalcore,Split-up,https://www.metal-archives.com/images/1/0/0/0/100025_photo.jpg
3540363504,A Sickness unto Death,https://www.metal-archives.com/bands/A_Sickness_unto_Death/3540363504,Germany,Doom Metal,Active,https://www.metal-archives.com/images/3/5/4/0/3540363504_photo.jpg?2242
3540502369,A Shed for the Dead,https://www.metal-archives.com/bands/A_Shed_for_the_Dead/3540502369,Norway,Melodic Death Metal,Active,https://www.metal-archives.com/images/3/5/4/0/3540502369_photo.jpg?1716
68555,A Sickness Called Conscious,https://www.metal-archives.com/bands/A_Sickness_Called_Conscious/68555,United States,Brutal Death Metal,Active,https://www.metal-archives.com/images/6/8/5/5/68555_photo.jpg
3540290954,A Silent Ascent,https://www.metal-archives.com/bands/A_Silent_Ascent/3540290954,United States,Progressive Metalcore,Unknown,https://www.metal-archives.com/images/3/5/4/0/3540290954_photo.jpg?2004
3540341976,A Skin for Dancing In,https://www.metal-archives.com/bands/A_Skin_for_Dancing_In/3540341976,United States,Black/Death Metal,Active,https://www.metal-archives.com/images/3/5/4/0/3540341976_photo.jpg?5724
3540353163,A Sin for a Prayer,https://www.metal-archives.com/bands/A_Sin_for_a_Prayer/3540353163,Canada,Melodic Death Metal/Metalcore,On hold,https://www.metal-archives.com/images/3/5/4/0/3540353163_photo.jpg?1238
3540540056,A Sleeping Hydra,https://www.metal-archives.com/bands/A_Sleeping_Hydra/3540540056,United States,Experimental/Thrash Metal,Active,https://www.metal-archives.com/images/3/5/4/0/3540540056_photo.jpg?5302
3540400777,A Silent Daylight,https://www.metal-archives.com/bands/A_Silent_Daylight/3540400777,Argentina,Metalcore,Active,https://www.metal-archives.com/images/3/5/4/0/3540400777_photo.jpg?5018
3540491795,A Somber,https://www.metal-archives.com/bands/A_Somber/3540491795,Portugal,Funeral Doom Metal,Unknown,https://www.metal-archives.com/images/3/5/4/0/3540491795_photo.jpg?5716
28656,A Solemn Death,https://www.metal-archives.com/bands/A_Solemn_Death/28656,Australia,Black/Death Metal,Changed name,https://www.metal-archives.com/images/2/8/6/5/28656_photo.jpg
3540534095,A Somber Funeral,https://www.metal-archives.com/bands/A_Somber_Funeral/3540534095,Germany,Atmospheric Post-Black Metal,Active,https://www.metal-archives.com/images/3/5/4/0/3540534095_photo.jpg?1648
3540316840,A Sleepless Malice,https://www.metal-archives.com/bands/A_Sleepless_Malice/3540316840,United States,Melodic Death Metal,Active,https://www.metal-archives.com/images/3/5/4/0/3540316840_photo.jpg?4503
11292,A Sorrowful Dream,https://www.metal-archives.com/bands/A_Sorrowful_Dream/11292,Brazil,Gothic/Doom/Death Metal,Active,https://www.metal-archives.com/images/1/1/2/9/11292_photo.jpg?5950
3540408759,A Soul Called Perdition,https://www.metal-archives.com/bands/A_Soul_Called_Perdition/3540408759,Finland,Melodic Death Metal,Active,https://www.metal-archives.com/images/3/5/4/0/3540408759_photo.png?5117
3540304959,A Sound of Thunder,https://www.metal-archives.com/bands/A_Sound_of_Thunder/3540304959,United States,"Heavy/Power Metal, Hard Rock",Active,https://www.metal-archives.com/images/3/5/4/0/3540304959_photo.jpg?5544
3540516949,A Sow of Violence,https://www.metal-archives.com/bands/A_Sow_of_Violence/3540516949,United States,Symphonic/Atmospheric Black Metal,Active,https://www.metal-archives.com/images/3/5/4/0/3540516949_photo.jpg?2532
3540500988,A Squandered Potential,https://www.metal-archives.com/bands/A_Squandered_Potential/3540500988,United States,Progressive/Technical Death Metal,Active,https://www.metal-archives.com/images/3/5/4/0/3540500988_photo.jpg?3837
3540255510,A Storm of Light,https://www.metal-archives.com/bands/A_Storm_of_Light/3540255510,United States,Atmospheric Sludge/Post-Metal/Rock,On hold,https://www.metal-archives.com/images/3/5/4/0/3540255510_photo.jpg?3334
3540336047,A Subtle Understatement,https://www.metal-archives.com/bands/A_Subtle_Understatement/3540336047,France,Death Metal/Deathcore,Split-up,https://www.metal-archives.com/images/3/5/4/0/3540336047_photo.jpg?3151
3540520367,A Sudden Surge,https://www.metal-archives.com/bands/A_Sudden_Surge/3540520367,Germany,Melodic Death Metal/Metalcore,Active,https://www.metal-archives.com/images/3/5/4/0/3540520367_photo.jpg?2436
45002,A Switch Below,https://www.metal-archives.com/bands/A_Switch_Below/45002,Belgium,Melodic Death/Thrash Metal,On hold,https://www.metal-archives.com/images/4/5/0/0/45002_photo.jpg
3540418587,A Sun Traverse,https://www.metal-archives.com/bands/A_Sun_Traverse/3540418587,Denmark,Doom/Death Metal,Active,https://www.metal-archives.com/images/3/5/4/0/3540418587_photo.jpg?2302
3540534235,A Sweet Suffering,https://www.metal-archives.com/bands/A_Sweet_Suffering/3540534235,Belgium,Death Metal,Active,https://www.metal-archives.com/images/3/5/4/0/3540534235_photo.jpg?2717
3540425215,A Taste of Fear,https://www.metal-archives.com/bands/A_Taste_of_Fear/3540425215,Italy,Technical Thrash/Death Metal,Active,https://www.metal-archives.com/images/3/5/4/0/3540425215_photo.jpg?4851
3540412668,A Taste of Freedom,https://www.metal-archives.com/bands/A_Taste_of_Freedom/3540412668,France,Heavy Metal,Unknown,
3540504676,A Templar's Burden,https://www.metal-archives.com/bands/A_Templar%27s_Burden/3540504676,Sweden,Death Metal,Active,
3540353842,A Tempered Heart,https://www.metal-archives.com/bands/A_Tempered_Heart/3540353842,Spain,Gothic Metal/Rock,Unknown,https://www.metal-archives.com/images/3/5/4/0/3540353842_photo.jpg?2653
3540351934,A Tear Beyond,https://www.metal-archives.com/bands/A_Tear_Beyond/3540351934,Italy,Progressive Gothic/Industrial Metal,Active,https://www.metal-archives.com/images/3/5/4/0/3540351934_photo.jpg?4852
121120,A Temple of Mirrors,https://www.metal-archives.com/bands/A_Temple_of_Mirrors/121120,United States,Experimental Doom/Death Metal,Unknown,https://www.metal-archives.com/images/1/2/1/1/121120_photo.jpg
3540404130,A Temporal Causality,https://www.metal-archives.com/bands/A_Temporal_Causality/3540404130,United States,Technical Death Metal/Goregrind,Changed name,https://www.metal-archives.com/images/3/5/4/0/3540404130_photo.jpg?4818
3540533429,A Testament to Despair,https://www.metal-archives.com/bands/A_Testament_to_Despair/3540533429,United States,Atmospheric Raw Black Metal,Active,
91726,A Terrible Night for a Curse,https://www.metal-archives.com/bands/A_Terrible_Night_for_a_Curse/91726,United States,Death Metal/Grindcore,Split-up,https://www.metal-archives.com/images/9/1/7/2/91726_photo.jpg
3540482006,À Terre,https://www.metal-archives.com/bands/%C3%80_Terre/3540482006,France,Post-Metal,Active,https://www.metal-archives.com/images/3/5/4/0/3540482006_photo.jpg?2549
97918,A Texas Funeral,https://www.metal-archives.com/bands/A_Texas_Funeral/97918,United States,Deathcore,Split-up,https://www.metal-archives.com/images/9/7/9/1/97918_photo.jpg
3540339517,A Theory on Conquest,https://www.metal-archives.com/bands/A_Theory_on_Conquest/3540339517,United States,Experimental Death Metal,Split-up,https://www.metal-archives.com/images/3/5/4/0/3540339517_photo.jpg?0727
3540382469,A Thought Unleashed,https://www.metal-archives.com/bands/A_Thought_Unleashed/3540382469,Germany,Symphonic Metal/Rock,Active,https://www.metal-archives.com/images/3/5/4/0/3540382469_photo.jpg?3204
3540538418,A Thousand Allies,https://www.metal-archives.com/bands/A_Thousand_Allies/3540538418,Türkiye,Progressive Metal,Active,https://www.metal-archives.com/images/3/5/4/0/3540538418_photo.jpg?1115
3540541566,A Thief's Blade,https://www.metal-archives.com/bands/A_Thief%27s_Blade/3540541566,United States,Metalcore,Active,https://www.metal-archives.com/images/3/5/4/0/3540541566_photo.jpg?4338
3540282484,A Thousand Buried Infants,https://www.metal-archives.com/bands/A_Thousand_Buried_Infants/3540282484,United States,Brutal Death Metal,Unknown,https://www.metal-archives.com/images/3/5/4/0/3540282484_photo.jpg
3540366727,A Thousand Dead,https://www.metal-archives.com/bands/A_Thousand_Dead/3540366727,United States,Progressive Death Metal,Split-up,https://www.metal-archives.com/images/3/5/4/0/3540366727_photo.jpg?5352
126658,A Thousand Knives of Fire,https://www.metal-archives.com/bands/A_Thousand_Knives_of_Fire/126658,United States,Southern Metal/Rock,Active,https://www.metal-archives.com/images/1/2/6/6/126658_photo.jpg?3522
3540321806,A Thousand Reasons,https://www.metal-archives.com/bands/A_Thousand_Reasons/3540321806,Italy,Death/Thrash Metal,Active,https://www.metal-archives.com/images/3/5/4/0/3540321806_photo.jpg?3623
3540531945,A Thousand Papercuts,https://www.metal-archives.com/bands/A_Thousand_Papercuts/3540531945,Australia,Deathcore/Metalcore,Active,https://www.metal-archives.com/images/3/5/4/0/3540531945_photo.jpg?0509
3540361206,A Thousand Shall Fall,https://www.metal-archives.com/bands/A_Thousand_Shall_Fall/3540361206,United States,Melodic Death Metal,Active,https://www.metal-archives.com/images/3/5/4/0/3540361206_photo.jpg?4938
3540348773,A Thousand Shields,https://www.metal-archives.com/bands/A_Thousand_Shields/3540348773,United States,Progressive Metal,On hold,https://www.metal-archives.com/images/3/5/4/0/3540348773_photo.jpg?2128
3540405554,A Thousand Sufferings,https://www.metal-archives.com/bands/A_Thousand_Sufferings/3540405554,Belgium,Black/Doom Metal,Active,https://www.metal-archives.com/images/3/5/4/0/3540405554_photo.jpg?5819
3540404293,A Thousand Winters,https://www.metal-archives.com/bands/A_Thousand_Winters/3540404293,Italy,Folk Metal,Unknown,https://www.metal-archives.com/images/3/5/4/0/3540404293_photo.jpg?4833
97151,A Thousand Times Repent,https://www.metal-archives.com/bands/A_Thousand_Times_Repent/97151,United States,Deathcore/Metalcore,Active,https://www.metal-archives.com/images/9/7/1/5/97151_photo.jpg?5247
3540551319,A Thousand Wounds,https://www.metal-archives.com/bands/A_Thousand_Wounds/3540551319,United States,Technical Deathcore,Active,https://www.metal-archives.com/images/3/5/4/0/3540551319_photo.jpg?5343
85986,A Thousand Years Slavery,https://www.metal-archives.com/bands/A_Thousand_Years_Slavery/85986,Switzerland,Melodic Death Metal/Deathcore,Active,https://www.metal-archives.com/images/8/5/9/8/85986_photo.jpg
3540432625,A Threat to the Enemy,https://www.metal-archives.com/bands/A_Threat_to_the_Enemy/3540432625,United States,Groove/Death Metal,Active,https://www.metal-archives.com/images/3/5/4/0/3540432625_photo.jpg?1310
3540549069,A Throat Slit,https://www.metal-archives.com/bands/A_Throat_Slit/3540549069,Sweden,Death/Black Metal,Active,https://www.metal-archives.com/images/3/5/4/0/3540549069_photo.jpg?2819
67896,A Tortured Soul,https://www.metal-archives.com/bands/A_Tortured_Soul/67896,United States,Heavy Metal,Active,https://www.metal-archives.com/images/6/7/8/9/67896_photo.jpg?1006
3540377507,A Tomba Oberta,https://www.metal-archives.com/bands/A_Tomba_Oberta/3540377507,Spain,Death Metal,Active,https://www.metal-archives.com/images/3/5/4/0/3540377507_photo.jpg?1435
3540324604,A Total Wall,https://www.metal-archives.com/bands/A_Total_Wall/3540324604,Italy,Industrial/Groove/Death Metal,Active,https://www.metal-archives.com/images/3/5/4/0/3540324604_photo.jpg?2715
3540506199,A Touch of Evil,https://www.metal-archives.com/bands/A_Touch_of_Evil/3540506199,United States,Heavy Metal,Split-up,https://www.metal-archives.com/images/3/5/4/0/3540506199_photo.gif?2530
117431,A Traitor like Judas,https://www.metal-archives.com/bands/A_Traitor_like_Judas/117431,Germany,Melodic Death Metal/Metalcore,Split-up,https://www.metal-archives.com/images/1/1/7/4/117431_photo.jpg
122426,A Trail of Horror,https://www.metal-archives.com/bands/A_Trail_of_Horror/122426,Belgium,Melodic Death Metal/Metalcore,Split-up,https://www.metal-archives.com/images/1/2/2/4/122426_photo.jpg
3540527943,A Traitors Funeral,https://www.metal-archives.com/bands/A_Traitors_Funeral/3540527943,United States,Melodic Death Metal/Metalcore,Active,https://www.metal-archives.com/images/3/5/4/0/3540527943_photo.jpg?2009
3540271697,A Transparent Lie,https://www.metal-archives.com/bands/A_Transparent_Lie/3540271697,United Kingdom,Thrash Metal/Hardcore,Split-up,https://www.metal-archives.com/images/3/5/4/0/3540271697_photo.jpg
3540277081,A Transylvanian Funeral,https://www.metal-archives.com/bands/A_Transylvanian_Funeral/3540277081,United States,Black Metal,Split-up,https://www.metal-archives.com/images/3/5/4/0/3540277081_photo.jpg
3540321251,A Tree,https://www.metal-archives.com/bands/A_Tree/3540321251,Italy,Depressive Black Metal/Gothic Rock,Split-up,https://www.metal-archives.com/images/3/5/4/0/3540321251_photo.jpg
3540347995,A Tree of Signs,https://www.metal-archives.com/bands/A_Tree_of_Signs/3540347995,Portugal,Doom Metal/Psychedelic Rock,Split-up,https://www.metal-archives.com/images/3/5/4/0/3540347995_photo.jpg?0300
3540292103,A Trigger to Forget,https://www.metal-archives.com/bands/A_Trigger_to_Forget/3540292103,Brazil,Melodic Death/Thrash Metal,Split-up,https://www.metal-archives.com/images/3/5/4/0/3540292103_photo.jpg
8815,A Tribute to the Plague,https://www.metal-archives.com/bands/A_Tribute_to_the_Plague/8815,Brazil,Power/Doom Metal,Changed name,https://www.metal-archives.com/images/8/8/1/5/8815_photo.jpg
3540507314,A Truth Betrayed,https://www.metal-archives.com/bands/A_Truth_Betrayed/3540507314,United States,Melodic Death Metal/Metalcore,Split-up,https://www.metal-archives.com/images/3/5/4/0/3540507314_photo.jpg?4748
3540313821,A Very Old Ghost Behind the Farm,https://www.metal-archives.com/bands/A_Very_Old_Ghost_Behind_the_Farm/3540313821,France,Sludge/Doom Metal,On hold,https://www.metal-archives.com/images/3/5/4/0/3540313821_photo.jpg
89014,A Very Sad Story,https://www.metal-archives.com/bands/A_Very_Sad_Story/89014,France,Southern/Sludge/Doom Metal,Active,https://www.metal-archives.com/images/8/9/0/1/89014_photo.jpg?4157
3540428327,A Village in Despair,https://www.metal-archives.com/bands/A_Village_in_Despair/3540428327,Sri Lanka,Atmospheric Black Metal,Active,https://www.metal-archives.com/images/3/5/4/0/3540428327_photo.jpg?2335
3540448174,A Vintage Death,https://www.metal-archives.com/bands/A_Vintage_Death/3540448174,Italy,Blackened Doom/Death Metal,Active,https://www.metal-archives.com/images/3/5/4/0/3540448174_photo.jpg?5842
82352,A Tu Puta Kara,https://www.metal-archives.com/bands/A_Tu_Puta_Kara/82352,Spain,Thrash/Groove Metal,Active,https://www.metal-archives.com/images/8/2/3/5/82352_photo.jpg
3540546716,A Void Named Life,https://www.metal-archives.com/bands/A_Void_Named_Life/3540546716,Brazil,Death/Doom Metal,Active,https://www.metal-archives.com/images/3/5/4/0/3540546716_photo.jpg?5527
3540437984,A Void Eternal,https://www.metal-archives.com/bands/A_Void_Eternal/3540437984,Greece,Doom/Gothic Metal,Active,https://www.metal-archives.com/images/3/5/4/0/3540437984_photo.jpg?4938
3540415156,A Visperas de Mi Muerte,https://www.metal-archives.com/bands/A_Visperas_de_Mi_Muerte/3540415156,Colombia,Brutal Death Metal,Active,https://www.metal-archives.com/images/3/5/4/0/3540415156_photo.png?0405
3540377693,A Virgin Burial,https://www.metal-archives.com/bands/A_Virgin_Burial/3540377693,Italy,Metalcore,Unknown,https://www.metal-archives.com/images/3/5/4/0/3540377693_photo.jpg?3059
82995,A Vision Grotesque,https://www.metal-archives.com/bands/A_Vision_Grotesque/82995,United States,Death/Thrash/Black/Groove Metal,On hold,https://www.metal-archives.com/images/8/2/9/9/82995_photo.jpg?1819
111526,A Walk Through Peril,https://www.metal-archives.com/bands/A_Walk_Through_Peril/111526,Germany,Metalcore/Death Metal,Unknown,https://www.metal-archives.com/images/1/1/1/5/111526_photo.jpg
3540371952,A Vulgar Picture,https://www.metal-archives.com/bands/A_Vulgar_Picture/3540371952,United Kingdom,Progressive Death Metal,Split-up,https://www.metal-archives.com/images/3/5/4/0/3540371952_photo.jpg?4044
3540321652,A Walk with the Wicked,https://www.metal-archives.com/bands/A_Walk_with_the_Wicked/3540321652,South Africa,Death/Groove Metal,On hold,https://www.metal-archives.com/images/3/5/4/0/3540321652_photo.jpg
30887,A Waking Nightmare,https://www.metal-archives.com/bands/A_Waking_Nightmare/30887,United States,Grindcore/Metalcore,Unknown,https://www.metal-archives.com/images/3/0/8/8/30887_photo.jpg
3540548554,A Wake in Providence,https://www.metal-archives.com/bands/A_Wake_in_Providence/3540548554,United States,Deathcore (early); Symphonic Deathcore (later),Active,https://www.metal-archives.com/images/3/5/4/0/3540548554_photo.jpeg?0237
3540484423,A Westward March,https://www.metal-archives.com/bands/A_Westward_March/3540484423,Japan,Melodic Death Metal/Metalcore,Split-up,https://www.metal-archives.com/images/3/5/4/0/3540484423_photo.jpg?4857
3540525094,A Walloping Curse,https://www.metal-archives.com/bands/A_Walloping_Curse/3540525094,Brazil,Death Metal,Active,
3540255801,A Well Thought Tragedy,https://www.metal-archives.com/bands/A_Well_Thought_Tragedy/3540255801,United States,Melodic Death Metal/Metalcore,Split-up,https://www.metal-archives.com/images/3/5/4/0/3540255801_photo.jpg
107768,A Waste of Talent,https://www.metal-archives.com/bands/A_Waste_of_Talent/107768,Norway,Doom/Groove Metal,Unknown,https://www.metal-archives.com/images/1/0/7/7/107768_photo.jpg?3425
3540317032,A Winter Lost,https://www.metal-archives.com/bands/A_Winter_Lost/3540317032,Canada,Black Metal,On hold,https://www.metal-archives.com/images/3/5/4/0/3540317032_photo.jpg?0917
3540458080,A World of Lies,https://www.metal-archives.com/bands/A_World_of_Lies/3540458080,United States,Melodic Death Metal,Active,https://www.metal-archives.com/images/3/5/4/0/3540458080_photo.jpg?5427
5188,A Winter Within,https://www.metal-archives.com/bands/A_Winter_Within/5188,Norway,Melodic Black Metal,Split-up,https://www.metal-archives.com/images/5/1/8/8/5188_photo.jpg
3540352470,A Witness to the Slaughter,https://www.metal-archives.com/bands/A_Witness_to_the_Slaughter/3540352470,Australia,Deathcore,Split-up,https://www.metal-archives.com/images/3/5/4/0/3540352470_photo.jpg?5203
3540404141,A World of Illness,https://www.metal-archives.com/bands/A_World_of_Illness/3540404141,Canada,Black/Sludge Metal,Active,
3540387787,A World Without,https://www.metal-archives.com/bands/A_World_Without/3540387787,United States,Deathcore,Active,https://www.metal-archives.com/images/3/5/4/0/3540387787_photo.jpg?5233
3540359237,A Worse Case Scenario,https://www.metal-archives.com/bands/A_Worse_Case_Scenario/3540359237,United States,Melodic Death Metal,Active,https://www.metal-archives.com/images/3/5/4/0/3540359237_photo.jpg?1603
37304,A-Bomb,https://www.metal-archives.com/bands/A-Bomb/37304,Sweden,Industrial Death Metal,Unknown,https://www.metal-archives.com/images/3/7/3/0/37304_photo.jpg
112283,A-51,https://www.metal-archives.com/bands/A-51/112283,Russia,Heavy Metal,Split-up,
3540336341,A Young Man's Funeral,https://www.metal-archives.com/bands/A_Young_Man%27s_Funeral/3540336341,Russia,"Doom/Death Metal, Post-Rock",Split-up,https://www.metal-archives.com/images/3/5/4/0/3540336341_photo.jpg?2132
3540467057,A Written Apology,https://www.metal-archives.com/bands/A_Written_Apology/3540467057,United Kingdom,Metalcore,Split-up,https://www.metal-archives.com/images/3/5/4/0/3540467057_photo.jpg?2535
1325,A-II-Z,https://www.metal-archives.com/bands/A-II-Z/1325,United Kingdom,NWOBHM/Heavy Metal,Changed name,https://www.metal-archives.com/images/1/3/2/5/1325_photo.jpg
3540437932,A-I-E-A,https://www.metal-archives.com/bands/A-I-E-A/3540437932,Greece,Progressive Metal,Active,https://www.metal-archives.com/images/3/5/4/0/3540437932_photo.jpg?2740
3540339600,A-morality,https://www.metal-archives.com/bands/A-morality/3540339600,Russia,Metalcore/Deathcore,Active,https://www.metal-archives.com/images/3/5/4/0/3540339600_photo.jpg?0454
39618,A-Bros,https://www.metal-archives.com/bands/A-Bros/39618,Sweden,Metalcore,Unknown,https://www.metal-archives.com/images/3/9/6/1/39618_photo.jpg
3540476693,A-Quarter,https://www.metal-archives.com/bands/A-Quarter/3540476693,"Korea, South",Heavy Metal,Split-up,
90148,A-Team,https://www.metal-archives.com/bands/A-Team/90148,Germany,Death Metal/Grindcore,Split-up,https://www.metal-archives.com/images/9/0/1/4/90148_photo.jpg
3540301110,A-Tierra,https://www.metal-archives.com/bands/A-Tierra/3540301110,Argentina,Progressive Metal/Hard Rock,Active,https://www.metal-archives.com/images/3/5/4/0/3540301110_photo.jpg
3540335656,A. Lostfield,https://www.metal-archives.com/bands/A._Lostfield/3540335656,Colombia,Progressive/Alternative Metal,Active,https://www.metal-archives.com/images/3/5/4/0/3540335656_photo.jpg?2240
3540428075,A:S:,https://www.metal-archives.com/bands/A%3AS%3A/3540428075,Italy,Raw Black Metal,Unknown,
13485,A-Rise,https://www.metal-archives.com/bands/A-Rise/13485,Germany,Death Metal,Changed name,https://www.metal-archives.com/images/1/3/4/8/13485_photo.jpg
108814,A.A.S.,https://www.metal-archives.com/bands/A.A.S./108814,Spain,Melodic/Progressive Metal,Split-up,https://www.metal-archives.com/images/1/0/8/8/108814_photo.jpg
3540280191,A.B.M.S. 696,https://www.metal-archives.com/bands/A.B.M.S._696/3540280191,Singapore,Black Metal,Split-up,https://www.metal-archives.com/images/3/5/4/0/3540280191_photo.jpg?1129
3540515447,A.C.C.,https://www.metal-archives.com/bands/A.C.C./3540515447,Chile,Thrash Metal/Crossover,Active,https://www.metal-archives.com/images/3/5/4/0/3540515447_photo.jpg?2405
126305,A.B.E.A.,https://www.metal-archives.com/bands/A.B.E.A./126305,Türkiye,Progressive Metal,Split-up,https://www.metal-archives.com/images/1/2/6/3/126305_photo.jpg
3540499991,A.B.L.,https://www.metal-archives.com/bands/A.B.L./3540499991,Greece,Blackened Thrash Metal,Active,
3540301611,A.C.E.,https://www.metal-archives.com/bands/A.C.E./3540301611,Germany,Power/Thrash Metal,Changed name,
3540274400,A.C.P.,https://www.metal-archives.com/bands/A.C.P./3540274400,United States,Groove/Thrash Metal,Split-up,https://www.metal-archives.com/images/3/5/4/0/3540274400_photo.jpg?5904
3540499324,A.C.S.,https://www.metal-archives.com/bands/A.C.S./3540499324,Germany,Heavy Metal,Split-up,
3540443412,A.C.O.V.S.U.R.,https://www.metal-archives.com/bands/A.C.O.V.S.U.R./3540443412,Russia,Deathcore,Split-up,https://www.metal-archives.com/images/3/5/4/0/3540443412_photo.jpg?0718
20292,A.C.O.A.,https://www.metal-archives.com/bands/A.C.O.A./20292,Canada,Speed Metal,Changed name,https://www.metal-archives.com/images/2/0/2/9/20292_photo.jpg
3540529911,A.C.T.S,https://www.metal-archives.com/bands/A.C.T.S/3540529911,Colombia,Black Metal,Active,
3540362237,A.D,https://www.metal-archives.com/bands/A.D/3540362237,Spain,Thrash Metal/Hardcore,Active,https://www.metal-archives.com/images/3/5/4/0/3540362237_photo.jpg?2958
3540494493,A.D. 4,https://www.metal-archives.com/bands/A.D._4/3540494493,United States,Heavy Metal,Active,https://www.metal-archives.com/images/3/5/4/0/3540494493_photo.jpg?5348
3540542606,A.D.Destroyer,https://www.metal-archives.com/bands/A.D.Destroyer/3540542606,Australia,Industrial Metal,Active,
114834,A.D. Massacre,https://www.metal-archives.com/bands/A.D._Massacre/114834,Australia,Thrash/Death/Black Metal,Split-up,https://www.metal-archives.com/images/1/1/4/8/114834_photo.jpg
125398,A.D.H.E.R.,https://www.metal-archives.com/bands/A.D.H.E.R./125398,Argentina,Heavy/Thrash Metal,Unknown,https://www.metal-archives.com/images/1/2/5/3/125398_photo.jpg
3540415302,A.D.N,https://www.metal-archives.com/bands/A.D.N/3540415302,Argentina,Groove/Sludge Metal,Active,https://www.metal-archives.com/images/3/5/4/0/3540415302_photo.jpg?0528
102050,A.D.P.,https://www.metal-archives.com/bands/A.D.P./102050,Australia,Drone/Doom Metal,Active,
23466,A.D.N.,https://www.metal-archives.com/bands/A.D.N./23466,Spain,Heavy Metal,Active,https://www.metal-archives.com/images/2/3/4/6/23466_photo.jpg?2530
85009,A.Death.Experience,https://www.metal-archives.com/bands/A.Death.Experience/85009,Germany,Melodic Death Metal/Deathcore,Split-up,https://www.metal-archives.com/images/8/5/0/0/85009_photo.jpg?1006
3540360345,A.G.E,https://www.metal-archives.com/bands/A.G.E/3540360345,Japan,Thrash Metal/Crust Punk,Unknown,https://www.metal-archives.com/images/3/5/4/0/3540360345_photo.jpg?2743
3540320272,A.G.E.S.,https://www.metal-archives.com/bands/A.G.E.S./3540320272,United States,Thrash Metal/Crossover,Split-up,
73610,A.I.D.S.,https://www.metal-archives.com/bands/A.I.D.S./73610,United States,Black Metal,Active,https://www.metal-archives.com/images/7/3/6/1/73610_photo.jpg?4735
3540379763,A.G.R.E.S.O.R.,https://www.metal-archives.com/bands/A.G.R.E.S.O.R./3540379763,Argentina,Thrash Metal,On hold,https://www.metal-archives.com/images/3/5/4/0/3540379763_photo.jpg?5614
3540406712,A.H.P.,https://www.metal-archives.com/bands/A.H.P./3540406712,Norway,Black Metal/Ambient,Active,https://www.metal-archives.com/images/3/5/4/0/3540406712_photo.jpg?4205
69099,A.I.T.H.,https://www.metal-archives.com/bands/A.I.T.H./69099,Japan,Heavy Metal,Split-up,https://www.metal-archives.com/images/6/9/0/9/69099_photo.jpg
3540396511,A.K.A.,https://www.metal-archives.com/bands/A.K.A./3540396511,United States,Heavy/Power Metal,Split-up,https://www.metal-archives.com/images/3/5/4/0/3540396511_photo.jpg?1709
3540443426,A.K.U,https://www.metal-archives.com/bands/A.K.U/3540443426,United States,Black/Death Metal,Active,https://www.metal-archives.com/images/3/5/4/0/3540443426_photo.png?5525
3540490584,A.L.E.,https://www.metal-archives.com/bands/A.L.E./3540490584,Italy,Power Metal,Active,
3540262248,A.L.M.A.,https://www.metal-archives.com/bands/A.L.M.A./3540262248,Argentina,Groove/Death Metal,Split-up,
3540260913,A.L.M.A.S.,https://www.metal-archives.com/bands/A.L.M.A.S./3540260913,Argentina,Heavy Metal,Changed name,https://www.metal-archives.com/images/3/5/4/0/3540260913_photo.jpg
3540467839,A.L.P.,https://www.metal-archives.com/bands/A.L.P./3540467839,Sweden,Heavy/Thrash/Speed Metal,Active,https://www.metal-archives.com/images/3/5/4/0/3540467839_photo.jpg?4824
96391,A.M.P.,https://www.metal-archives.com/bands/A.M.P./96391,Spain,Epic Doom Metal,Unknown,https://www.metal-archives.com/images/9/6/3/9/96391_photo.jpg
3540498379,A.M.F.,https://www.metal-archives.com/bands/A.M.F./3540498379,Hungary,Thrash/Heavy Metal/RAC,Changed name,
22757,A.M.E.S.,https://www.metal-archives.com/bands/A.M.E.S./22757,Germany,Death/Thrash Metal,Active,https://www.metal-archives.com/images/2/2/7/5/22757_photo.jpg?1944
62519,A.M.,https://www.metal-archives.com/bands/A.M./62519,Finland,Sludge/Doom Metal,Split-up,
31835,A.M.Q.A.,https://www.metal-archives.com/bands/A.M.Q.A./31835,United States,Thrash Metal/Crossover,Split-up,https://www.metal-archives.com/images/3/1/8/3/31835_photo.jpg?4727
3540260856,A.N.D.,https://www.metal-archives.com/bands/A.N.D./3540260856,United Kingdom,Heavy Metal/Hard Rock,Split-up,https://www.metal-archives.com/images/3/5/4/0/3540260856_photo.jpg
10458,A.N.A.E.L.,https://www.metal-archives.com/bands/A.N.A.E.L./10458,France,Melodic Death/Black/Industrial Metal,Active,https://www.metal-archives.com/images/1/0/4/5/10458_photo.jpg?4436
13899,A.N.I.M.A.L.,https://www.metal-archives.com/bands/A.N.I.M.A.L./13899,Argentina,Heavy/Thrash Metal (early); Groove/Nu-Metal (later),Active,https://www.metal-archives.com/images/1/3/8/9/13899_photo.jpg?4402
3540315697,A.M.S.G.,https://www.metal-archives.com/bands/A.M.S.G./3540315697,Canada,Black Metal,Active,https://www.metal-archives.com/images/3/5/4/0/3540315697_photo.jpg?2429
41717,A.N.T.I.,https://www.metal-archives.com/bands/A.N.T.I./41717,Latvia,Industrial Metal,Split-up,https://www.metal-archives.com/images/4/1/7/1/41717_photo.jpg
27521,A.O.D.,https://www.metal-archives.com/bands/A.O.D./27521,Finland,Thrash Metal,Active,https://www.metal-archives.com/images/2/7/5/2/27521_photo.jpg
3540513146,A.O.Z.,https://www.metal-archives.com/bands/A.O.Z./3540513146,Japan,Heavy Metal,Active,https://www.metal-archives.com/images/3/5/4/0/3540513146_photo.jpg?3604
3540334881,A.P.O.D.,https://www.metal-archives.com/bands/A.P.O.D./3540334881,France,Thrash Metal,Split-up,https://www.metal-archives.com/images/3/5/4/0/3540334881_photo.jpg?4908
3540469239,A.N.T.I.L.I.V.,https://www.metal-archives.com/bands/A.N.T.I.L.I.V./3540469239,Brazil,Black Metal,Unknown,https://www.metal-archives.com/images/3/5/4/0/3540469239_photo.jpg?5103
53291,A.R. Berdiales,https://www.metal-archives.com/bands/A.R._Berdiales/53291,Spain,Heavy Metal,Split-up,https://www.metal-archives.com/images/5/3/2/9/53291_photo.jpg
3540504332,A.R.M.,https://www.metal-archives.com/bands/A.R.M./3540504332,Mexico,Black Metal/RAC,Active,https://www.metal-archives.com/images/3/5/4/0/3540504332_photo.jpg?0226
3540484490,A.R.:.O.:.A.A,https://www.metal-archives.com/bands/A.R.%3A.O.%3A.A.A/3540484490,United Kingdom,Raw/Atmospheric Black Metal/Dark Ambient,Active,https://www.metal-archives.com/images/3/5/4/0/3540484490_photo.jpg?1545
2737,A.R.G.,https://www.metal-archives.com/bands/A.R.G./2737,Finland,Thrash Metal,Active,https://www.metal-archives.com/images/2/7/3/7/2737_photo.jpg?3350
3540506757,A.R.I.D.A.,https://www.metal-archives.com/bands/A.R.I.D.A./3540506757,Argentina,Groove Metal/Metalcore,Active,https://www.metal-archives.com/images/3/5/4/0/3540506757_photo.jpeg?5655
3540266506,A.R.M.A.,https://www.metal-archives.com/bands/A.R.M.A./3540266506,Italy,Death Metal,Split-up,https://www.metal-archives.com/images/3/5/4/0/3540266506_photo.jpg
3540497655,A.R.O.,https://www.metal-archives.com/bands/A.R.O./3540497655,Venezuela,Black/Heavy Metal,Unknown,https://www.metal-archives.com/images/3/5/4/0/3540497655_photo.jpg?1031
3540450847,A.S.A.H.,https://www.metal-archives.com/bands/A.S.A.H./3540450847,International,Atmospheric/Depressive Black Metal,Active,https://www.metal-archives.com/images/3/5/4/0/3540450847_photo.jpg?4837
3540366161,A.S.A.R.R,https://www.metal-archives.com/bands/A.S.A.R.R/3540366161,Malaysia,Heavy Metal,Active,https://www.metal-archives.com/images/3/5/4/0/3540366161_photo.jpg?1922
64752,A.S.D.,https://www.metal-archives.com/bands/A.S.D./64752,United States,Thrash Metal,Active,https://www.metal-archives.com/images/6/4/7/5/64752_photo.jpg
3540383966,A.S.M.O.,https://www.metal-archives.com/bands/A.S.M.O./3540383966,Netherlands,Speed/Heavy Metal,Changed name,https://www.metal-archives.com/images/3/5/4/0/3540383966_photo.jpg?2706
3540412626,A.S.U.R.A,https://www.metal-archives.com/bands/A.S.U.R.A/3540412626,Finland,Black/Thrash Metal/Hardcore Punk,Active,
3540506500,A.T.E.R.,https://www.metal-archives.com/bands/A.T.E.R./3540506500,Canada,Death Metal/Crust,Active,
3540422227,A.TAXET.A,https://www.metal-archives.com/bands/A.TAXET.A/3540422227,United States,Black Metal/Ambient,Active,
3540268381,A.T.O.N.,https://www.metal-archives.com/bands/A.T.O.N./3540268381,Italy,Black Metal,Active,https://www.metal-archives.com/images/3/5/4/0/3540268381_photo.jpg?5257
77176,A.T.T.,https://www.metal-archives.com/bands/A.T.T./77176,Italy,Progressive Metal,Changed name,
3540547308,A.U.G.E,https://www.metal-archives.com/bands/A.U.G.E/3540547308,Norway,Black Metal,Active,https://www.metal-archives.com/images/3/5/4/0/3540547308_photo.jpg?5455
23470,A.W.A.S.,https://www.metal-archives.com/bands/A.W.A.S./23470,Germany,Death/Thrash Metal,Unknown,https://www.metal-archives.com/images/2/3/4/7/23470_photo.jpg
3540379998,A.V.D.L,https://www.metal-archives.com/bands/A.V.D.L/3540379998,Japan,Experimental Black/Death Metal,Active,
3540487321,A.V.I.S.,https://www.metal-archives.com/bands/A.V.I.S./3540487321,Finland,Black Metal,Active,
49516,A.U.X.,https://www.metal-archives.com/bands/A.U.X./49516,Czechia,Heavy/Power Metal,Unknown,https://www.metal-archives.com/images/4/9/5/1/49516_photo.jpg
101815,The A.X.E. Project,https://www.metal-archives.com/bands/The_A.X.E._Project/101815,Bulgaria,Gothic Metal,Active,https://www.metal-archives.com/images/1/0/1/8/101815_photo.jpg?5925
3540399190,A.Z.U.S.A.A.A,https://www.metal-archives.com/bands/A.Z.U.S.A.A.A/3540399190,Japan,Melodic Death Metal/Metalcore,Unknown,
3540544810,A'arab Zaraq,https://www.metal-archives.com/bands/A%27arab_Zaraq/3540544810,Germany,Black/Death Metal,Active,
76895,A'tak,https://www.metal-archives.com/bands/A%27tak/76895,Poland,Heavy Metal/Hard Rock,Split-up,
3540511841,A'sgardhr,https://www.metal-archives.com/bands/A%27sgardhr/3540511841,Japan,Heavy Metal,Split-up,
69795,A((wake)),https://www.metal-archives.com/bands/A%28%28wake%29%29/69795,United States,Melodic Progressive Metal,Split-up,https://www.metal-archives.com/images/6/9/7/9/69795_photo.jpg?2214
96404,A*Teem,https://www.metal-archives.com/bands/A%2ATeem/96404,Sweden,Death 'n' Roll,Split-up,https://www.metal-archives.com/images/9/6/4/0/96404_photo.jpg
3540453942,A/Oratos,https://www.metal-archives.com/bands/A-Oratos/3540453942,France,Melodic Black Metal,Active,https://www.metal-archives.com/images/3/5/4/0/3540453942_photo.jpg?3254
3540533580,A&More,https://www.metal-archives.com/bands/A%26More/3540533580,France,Heavy/Power Metal,Active,https://www.metal-archives.com/images/3/5/4/0/3540533580_photo.jpg?1448
3540285475,A+,https://www.metal-archives.com/bands/A%2B/3540285475,Czechia,Melodic Heavy Metal/Hard Rock,Unknown,https://www.metal-archives.com/images/3/5/4/0/3540285475_photo.jpg
3540357631,A|symmetry,https://www.metal-archives.com/bands/A%7Csymmetry/3540357631,Serbia,Progressive Metal,Active,https://www.metal-archives.com/images/3/5/4/0/3540357631_photo.jpg?4629
3540365885,A2Z,https://www.metal-archives.com/bands/A2Z/3540365885,Finland,Melodic Heavy Metal,Unknown,https://www.metal-archives.com/images/3/5/4/0/3540365885_photo.jpg?5804
3540531474,A3-5,https://www.metal-archives.com/bands/A3-5/3540531474,Poland,Thrash Metal/Crossover,Active,
3540547500,A3on,https://www.metal-archives.com/bands/A3on/3540547500,United Kingdom,Stoner/Doom Metal,Active,
3540482240,AAA,https://www.metal-archives.com/bands/AAA/3540482240,Argentina,Black Metal,Active,
3540291503,A5,https://www.metal-archives.com/bands/A5/3540291503,Czechia,Thrash Metal/Metalcore,Active,https://www.metal-archives.com/images/3/5/4/0/3540291503_photo.jpg
24613,Aaaaargh! Bloody 2-Handed Chainaxe Blow,https://www.metal-archives.com/bands/Aaaaargh%21_Bloody_2-Handed_Chainaxe_Blow/24613,France,Death Metal,Unknown,
42668,Aaarghhh,https://www.metal-archives.com/bands/Aaarghhh/42668,Indonesia,Technical Brutal Death Metal,Active,https://www.metal-archives.com/images/4/2/6/6/42668_photo.jpg?4414
3540527017,Aabode,https://www.metal-archives.com/bands/Aabode/3540527017,France,Avant-garde Death Metal,Active,https://www.metal-archives.com/images/3/5/4/0/3540527017_photo.jpg?1409
3540276140,Aabsynthum,https://www.metal-archives.com/bands/Aabsynthum/3540276140,Romania,Funeral Doom Metal,Active,https://www.metal-archives.com/images/3/5/4/0/3540276140_photo.jpg
39731,Aabsinthe,https://www.metal-archives.com/bands/Aabsinthe/39731,France,Atmospheric Death Metal,Split-up,https://www.metal-archives.com/images/3/9/7/3/39731_photo.jpg?0701
3540501165,Aaching,https://www.metal-archives.com/bands/Aaching/3540501165,United States,Sludge Metal,Active,https://www.metal-archives.com/images/3/5/4/0/3540501165_photo.jpg?0544
3540438379,Aad Sleck,https://www.metal-archives.com/bands/Aad_Sleck/3540438379,United Kingdom,Raw Black Metal/Punk,Active,
3540467682,Aag,https://www.metal-archives.com/bands/Aag/3540467682,Belarus,Atmospheric Black Metal,Split-up,
18147,Aahas,https://www.metal-archives.com/bands/Aahas/18147,Austria,Black Metal,Split-up,https://www.metal-archives.com/images/1/8/1/4/18147_photo.jpg?3440
27112,Aaen Anima,https://www.metal-archives.com/bands/Aaen_Anima/27112,Czechia,Avant-garde Progressive/Doom Metal,Unknown,https://www.metal-archives.com/images/2/7/1/1/27112_photo.JPG
3540507669,Aak,https://www.metal-archives.com/bands/Aak/3540507669,Hungary,Black Metal,Active,https://www.metal-archives.com/images/3/5/4/0/3540507669_photo.jpg?2314
14415,Aäkon Këëtrëh,https://www.metal-archives.com/bands/A%C3%A4kon_K%C3%AB%C3%ABtr%C3%ABh/14415,France,Dark Ambient,Split-up,https://www.metal-archives.com/images/1/4/4/1/14415_photo.jpg?3230
3540473994,Aaltar,https://www.metal-archives.com/bands/Aaltar/3540473994,United States,Doom/Death Metal,Active,https://www.metal-archives.com/images/3/5/4/0/3540473994_photo.jpg?1402
3540470712,Aal,https://www.metal-archives.com/bands/Aal/3540470712,Lithuania,Progressive Death Metal,Active,https://www.metal-archives.com/images/3/5/4/0/3540470712_photo.jpg?1711
3540462954,Aamon,https://www.metal-archives.com/bands/Aamon/3540462954,Italy,Black Metal,Active,https://www.metal-archives.com/images/3/5/4/0/3540462954_photo.jpg?2253
3540445176,Aamon,https://www.metal-archives.com/bands/Aamon/3540445176,Romania,Gothic/Symphonic Metal,Active,https://www.metal-archives.com/images/3/5/4/0/3540445176_photo.jpg?4054
3540533484,Aamonblut,https://www.metal-archives.com/bands/Aamonblut/3540533484,Brazil,Raw Black Metal,Active,https://www.metal-archives.com/images/3/5/4/0/3540533484_photo.jpg?0354
2534,Aamonhammer,https://www.metal-archives.com/bands/Aamonhammer/2534,Brazil,Black/Thrash Metal,Split-up,https://www.metal-archives.com/images/2/5/3/4/2534_photo.jpg
3540268003,Aamunkajo,https://www.metal-archives.com/bands/Aamunkajo/3540268003,Finland,Funeral Doom Metal,Unknown,https://www.metal-archives.com/images/3/5/4/0/3540268003_photo.jpg
3540491823,Aamutähti,https://www.metal-archives.com/bands/Aamut%C3%A4hti/3540491823,Finland,Black Metal,Active,https://www.metal-archives.com/images/3/5/4/0/3540491823_photo.jpg?2745
3540282270,Aanal Beehemoth,https://www.metal-archives.com/bands/Aanal_Beehemoth/3540282270,Finland,Black Metal/Punk,Split-up,https://www.metal-archives.com/images/3/5/4/0/3540282270_photo.jpg?1741
3540523741,Aandemaner,https://www.metal-archives.com/bands/Aandemaner/3540523741,Norway,Black Metal,Active,https://www.metal-archives.com/images/3/5/4/0/3540523741_photo.jpg?0718
3540373929,Äänipää,https://www.metal-archives.com/bands/%C3%84%C3%A4nip%C3%A4%C3%A4/3540373929,International,Experimental/Drone/Doom Metal,Unknown,https://www.metal-archives.com/images/3/5/4/0/3540373929_photo.jpeg?5632
3540284797,Ääniportti,https://www.metal-archives.com/bands/%C3%84%C3%A4niportti/3540284797,Finland,Death/Groove Metal,Split-up,https://www.metal-archives.com/images/3/5/4/0/3540284797_photo.jpg?4501
98417,Aanyl Pane,https://www.metal-archives.com/bands/Aanyl_Pane/98417,United States,Heavy Metal with Punk influences,Active,
3540370929,Aanomm,https://www.metal-archives.com/bands/Aanomm/3540370929,Spain,Black Metal,Active,
3540451086,Aara,https://www.metal-archives.com/bands/Aara/3540451086,Switzerland,Atmospheric Black Metal,Active,https://www.metal-archives.com/images/3/5/4/0/3540451086_photo.jpg?2829
3540281738,Aaranith,https://www.metal-archives.com/bands/Aaranith/3540281738,Germany,Black Metal,Split-up,
28644,Aarcon,https://www.metal-archives.com/bands/Aarcon/28644,Germany,Black Metal,Split-up,
111010,Aardoz,https://www.metal-archives.com/bands/Aardoz/111010,Italy,Heavy Metal,Split-up,https://www.metal-archives.com/images/1/1/1/0/111010_photo.jpg?0018
3540528598,Aardvark,https://www.metal-archives.com/bands/Aardvark/3540528598,Australia,Heavy Metal,Active,https://www.metal-archives.com/images/3/5/4/0/3540528598_photo.jpg?5847
3454,Aardvarks,https://www.metal-archives.com/bands/Aardvarks/3454,Germany,Death/Thrash Metal,Active,https://www.metal-archives.com/images/3/4/5/4/3454_photo.jpg?3006
3540277743,Aarghh,https://www.metal-archives.com/bands/Aarghh/3540277743,United States,Death/Thrash Metal,Split-up,
3540503474,Aarimest,https://www.metal-archives.com/bands/Aarimest/3540503474,Canada,Black Metal,Active,https://www.metal-archives.com/images/3/5/4/0/3540503474_photo.jpg?2524
3540512146,Aargøn,https://www.metal-archives.com/bands/Aarg%C3%B8n/3540512146,Canada,Black Metal,Changed name,https://www.metal-archives.com/images/3/5/4/0/3540512146_photo.jpg?4444
3540479373,Aarkanne,https://www.metal-archives.com/bands/Aarkanne/3540479373,Chile,Raw Black Metal,Active,https://www.metal-archives.com/images/3/5/4/0/3540479373_photo.jpg?5241
3540325137,Ääriö,https://www.metal-archives.com/bands/%C3%84%C3%A4ri%C3%B6/3540325137,Finland,Atmospheric Sludge Metal,Active,https://www.metal-archives.com/images/3/5/4/0/3540325137_photo.jpg
71403,Aarmaroth Nathrath,https://www.metal-archives.com/bands/Aarmaroth_Nathrath/71403,Romania,Black Metal,Split-up,https://www.metal-archives.com/images/7/1/4/0/71403_photo.jpg
3540504108,Aarnihauta,https://www.metal-archives.com/bands/Aarnihauta/3540504108,Finland,Black Metal,Active,
3540533372,Aaron Cravens,https://www.metal-archives.com/bands/Aaron_Cravens/3540533372,United States,Melodic Progressive Metal/Shred,Active,https://www.metal-archives.com/images/3/5/4/0/3540533372_photo.jpg?4305
1557,Aarni,https://www.metal-archives.com/bands/Aarni/1557,Finland,Avant-garde Doom Metal,Active,https://www.metal-archives.com/images/1/5/5/7/1557_photo.jpg?3540
