Name,URL,Country,Genre,Status,Photo_URL
A 12 Gauge Tragedy,https://www.metal-archives.com/bands/A_12_Gauge_Tragedy/3540480258,United States,Deathcore,Split-up,https://www.metal-archives.com/images/3/5/4/0/3540480258_photo.jpg?1117
A // Solution,https://www.metal-archives.com/bands/A_--_Solution/3540442600,United States,Crust Punk/Thrash Metal,Split-up,
A Band of Orcs,https://www.metal-archives.com/bands/A_Band_of_Orcs/108513,United States,Death/Thrash Metal,Active,https://www.metal-archives.com/images/1/0/8/5/108513_photo.jpg?2741
A Band Named Jon,https://www.metal-archives.com/bands/A_Band_Named_Jon/3540535978,United States,Brutal Death Metal/Grindcore,Active,https://www.metal-archives.com/images/3/5/4/0/3540535978_photo.jpg?0204
A Balance of Power,https://www.metal-archives.com/bands/A_Balance_of_Power/3540352307,United States,Melodic Death Metal/Metalcore,Active,https://www.metal-archives.com/images/3/5/4/0/3540352307_photo.jpg?5129
A Bastard's Breath,https://www.metal-archives.com/bands/A_Bastard%27s_Breath/3540502761,United States,Raw Black Metal,Active,
A Baptism by Fire,https://www.metal-archives.com/bands/A_Baptism_by_Fire/3540412046,Canada,Progressive Power Metal,Active,https://www.metal-archives.com/images/3/5/4/0/3540412046_photo.jpg?4141
A Belt Above Black,https://www.metal-archives.com/bands/A_Belt_Above_Black/3540484133,United States,Melodic Death Metal/Metalcore,Active,
A Billion Limbs,https://www.metal-archives.com/bands/A_Billion_Limbs/3540473101,United Kingdom,Groove Metal/Deathcore,Active,
A Binding Spirit,https://www.metal-archives.com/bands/A_Binding_Spirit/3540462261,Germany,Black Metal/Ambient,Active,
A Black Cold Diamond,https://www.metal-archives.com/bands/A_Black_Cold_Diamond/3540525193,Colombia,Heavy/Doom Metal,Active,https://www.metal-archives.com/images/3/5/4/0/3540525193_photo.jpg?2119
A Blackened Sight,https://www.metal-archives.com/bands/A_Blackened_Sight/3540439877,Spain,Metalcore,Active,https://www.metal-archives.com/images/3/5/4/0/3540439877_photo.jpg?1850
A Bloody Chasm,https://www.metal-archives.com/bands/A_Bloody_Chasm/3540501127,United States,Heavy Metal/Grunge,Active,https://www.metal-archives.com/images/3/5/4/0/3540501127_photo.jpg?0740
A Blind Beggar,https://www.metal-archives.com/bands/A_Blind_Beggar/3540484581,Colombia,Metalcore,Active,https://www.metal-archives.com/images/3/5/4/0/3540484581_photo.jpg?2453
A Blind Prophecy,https://www.metal-archives.com/bands/A_Blind_Prophecy/18563,United States,Melodic/Progressive Metal,Split-up,https://www.metal-archives.com/images/1/8/5/6/18563_photo.jpg?3547
A Body Falls,https://www.metal-archives.com/bands/A_Body_Falls/103063,United States,Melodic Death Metal,Split-up,https://www.metal-archives.com/images/1/0/3/0/103063_photo.jpg?3418
A Bloody Epitaph,https://www.metal-archives.com/bands/A_Bloody_Epitaph/111183,United States,Deathcore,Changed name,https://www.metal-archives.com/images/1/1/1/1/111183_photo.jpg
A Break in the Storm,https://www.metal-archives.com/bands/A_Break_in_the_Storm/3540333609,United States,Metalcore,Split-up,https://www.metal-archives.com/images/3/5/4/0/3540333609_photo.jpg?3209
A Breach of Silence,https://www.metal-archives.com/bands/A_Breach_of_Silence/3540371582,Australia,Melodic Death Metal/Metalcore,Active,https://www.metal-archives.com/images/3/5/4/0/3540371582_photo.jpg?3844
A Bond Between,https://www.metal-archives.com/bands/A_Bond_Between/3540514577,Germany,Melodic Death/Groove Metal,Active,https://www.metal-archives.com/images/3/5/4/0/3540514577_photo.jpg?0507
A Breath Before Surfacing,https://www.metal-archives.com/bands/A_Breath_Before_Surfacing/121141,United States,Deathcore,Split-up,https://www.metal-archives.com/images/1/2/1/1/121141_photo.jpg
A Bribe for the Ferryman,https://www.metal-archives.com/bands/A_Bribe_for_the_Ferryman/3540464584,United Kingdom,Thrash/Groove Metal,Split-up,https://www.metal-archives.com/images/3/5/4/0/3540464584_photo.jpg?0459
A Brooding Body,https://www.metal-archives.com/bands/A_Brooding_Body/3540433563,International,Depressive Black Metal,Active,https://www.metal-archives.com/images/3/5/4/0/3540433563_photo.jpg?2121
A Broken Design,https://www.metal-archives.com/bands/A_Broken_Design/3540512266,Malta,Southern/Stoner Metal/Rock,Active,https://www.metal-archives.com/images/3/5/4/0/3540512266_photo.jpg?3909
A Broken Machine,https://www.metal-archives.com/bands/A_Broken_Machine/3540277800,United States,Metalcore,Unknown,https://www.metal-archives.com/images/3/5/4/0/3540277800_photo.jpg
A Brutal Confession,https://www.metal-archives.com/bands/A_Brutal_Confession/3540255880,United States,Thrash Metal,Split-up,https://www.metal-archives.com/images/3/5/4/0/3540255880_photo.jpg?0436
A Buried Existence,https://www.metal-archives.com/bands/A_Buried_Existence/3540271763,Italy,Technical Death Metal/Metalcore,Split-up,https://www.metal-archives.com/images/3/5/4/0/3540271763_photo.jpg?1124
A Burial at Sea,https://www.metal-archives.com/bands/A_Burial_at_Sea/3540283438,Norway,Melodic Death Metal/Metalcore,Split-up,https://www.metal-archives.com/images/3/5/4/0/3540283438_photo.jpg?1558
A Burning Rose,https://www.metal-archives.com/bands/A_Burning_Rose/3540518438,Puerto Rico,Melodic Death Metal,Active,https://www.metal-archives.com/images/3/5/4/0/3540518438_photo.jpg?5109
A Call to Arms,https://www.metal-archives.com/bands/A_Call_to_Arms/3540343089,United States,Thrash/Speed Metal,Split-up,https://www.metal-archives.com/images/3/5/4/0/3540343089_photo.jpg?1924
A Canorous Quintet,https://www.metal-archives.com/bands/A_Canorous_Quintet/2296,Sweden,Melodic Death Metal,Active,https://www.metal-archives.com/images/2/2/9/6/2296_photo.jpg?0957
A Caress of Twilight,https://www.metal-archives.com/bands/A_Caress_of_Twilight/3540323071,Poland,Black Metal/Ambient,Active,https://www.metal-archives.com/images/3/5/4/0/3540323071_photo.gif?1528
A City Screams in Terror,https://www.metal-archives.com/bands/A_City_Screams_in_Terror/3540500228,United States,Deathcore,Split-up,https://www.metal-archives.com/images/3/5/4/0/3540500228_photo.jpg?4820
A Chance at Life,https://www.metal-archives.com/bands/A_Chance_at_Life/3540546659,Russia,Depressive Black Metal,Active,https://www.metal-archives.com/images/3/5/4/0/3540546659_photo.jpg?5513
A Circle of Crows,https://www.metal-archives.com/bands/A_Circle_of_Crows/3540461610,United States,Melodic Black/Death Metal,Active,https://www.metal-archives.com/images/3/5/4/0/3540461610_photo.jpg?0149
A Clockwork Opera,https://www.metal-archives.com/bands/A_Clockwork_Opera/3540416412,United Kingdom,Symphonic Metal,Split-up,https://www.metal-archives.com/images/3/5/4/0/3540416412_photo.jpg?2356
A Cloud Forest,https://www.metal-archives.com/bands/A_Cloud_Forest/3540310981,United States,Black Metal,Active,https://www.metal-archives.com/images/3/5/4/0/3540310981_photo.jpg?3416
A Cold Dead Body,https://www.metal-archives.com/bands/A_Cold_Dead_Body/3540323179,Italy,Progressive Sludge Metal/Post-Hardcore,Unknown,https://www.metal-archives.com/images/3/5/4/0/3540323179_photo.jpg?4259
A Cold Reality,https://www.metal-archives.com/bands/A_Cold_Reality/30959,United States,Thrash/Death Metal,Split-up,https://www.metal-archives.com/images/3/0/9/5/30959_photo.JPG
A Cold Demise,https://www.metal-archives.com/bands/A_Cold_Demise/3540302940,Morocco,Black Metal/Ambient,Unknown,https://www.metal-archives.com/images/3/5/4/0/3540302940_photo.jpg
A Cold Sun,https://www.metal-archives.com/bands/A_Cold_Sun/3540437404,Italy,Depressive Black Metal,Active,https://www.metal-archives.com/images/3/5/4/0/3540437404_photo.jpg?3956
A Collection of Cyclops Skulls,https://www.metal-archives.com/bands/A_Collection_of_Cyclops_Skulls/3540432705,United States,Doom/Sludge Metal,Active,https://www.metal-archives.com/images/3/5/4/0/3540432705_photo.jpg?2141
A Colour Cold Black,https://www.metal-archives.com/bands/A_Colour_Cold_Black/80228,Germany,Thrash/Doom/Death Metal (early); Thrash/Alternative/Industrial Metal (later),Split-up,https://www.metal-archives.com/images/8/0/2/2/80228_photo.jpg?5026
A Concrete Lifeline,https://www.metal-archives.com/bands/A_Concrete_Lifeline/3540474136,Canada,Heavy Metal/Hard Rock,Active,https://www.metal-archives.com/images/3/5/4/0/3540474136_photo.jpg?5132
A Comfortable Way to Rot,https://www.metal-archives.com/bands/A_Comfortable_Way_to_Rot/3540442261,New Zealand,Progressive Death Metal,Active,https://www.metal-archives.com/images/3/5/4/0/3540442261_photo.jpg?1849
A Congregation of Horns,https://www.metal-archives.com/bands/A_Congregation_of_Horns/3540445071,United Kingdom,Black Metal,Active,https://www.metal-archives.com/images/3/5/4/0/3540445071_photo.jpeg?4810
A Constant Battle,https://www.metal-archives.com/bands/A_Constant_Battle/3540414888,United States,Thrash/Progressive Metal,Split-up,https://www.metal-archives.com/images/3/5/4/0/3540414888_photo.jpg?0408
A Constant Knowledge of Death,https://www.metal-archives.com/bands/A_Constant_Knowledge_of_Death/3540510172,United States,Progressive Sludge/Post-Metal/Hardcore,Active,https://www.metal-archives.com/images/3/5/4/0/3540510172_photo.jpg?2700
A Cosmic Trail,https://www.metal-archives.com/bands/A_Cosmic_Trail/3540309339,Germany,Progressive Metal,Active,https://www.metal-archives.com/images/3/5/4/0/3540309339_photo.jpg?5504
A Constant Storm,https://www.metal-archives.com/bands/A_Constant_Storm/3540396812,Portugal,"Melodic Death/Black Metal, Gothic Metal/Rock",Active,https://www.metal-archives.com/images/3/5/4/0/3540396812_photo.jpeg?4728
A Crack Baby Dead,https://www.metal-archives.com/bands/A_Crack_Baby_Dead/110000,United Kingdom,Black Metal/Grindcore,Unknown,
A Crack in Time,https://www.metal-archives.com/bands/A_Crack_in_Time/3540357799,Greece,Melodic Death/Progressive Metal,Split-up,https://www.metal-archives.com/images/3/5/4/0/3540357799_photo.jpg?3451
A Crime of Passion,https://www.metal-archives.com/bands/A_Crime_of_Passion/3540415046,United States,Progressive Death Metal/Deathcore,Unknown,https://www.metal-archives.com/images/3/5/4/0/3540415046_photo.jpg?2902
A Critical Mass,https://www.metal-archives.com/bands/A_Critical_Mass/103459,United Kingdom,Thrash Metal,Split-up,
A Creatures Cage,https://www.metal-archives.com/bands/A_Creatures_Cage/3540509664,United States,Power/Thrash Metal/Hard Rock,Active,https://www.metal-archives.com/images/3/5/4/0/3540509664_photo.jpg?2023
A Dance in Yellow,https://www.metal-archives.com/bands/A_Dance_in_Yellow/3540491370,Germany,Experimental/Melodic Death Metal,Active,
A Cursed Spirit in the Mirror,https://www.metal-archives.com/bands/A_Cursed_Spirit_in_the_Mirror/3540326201,United States,Black Metal,Active,https://www.metal-archives.com/images/3/5/4/0/3540326201_photo.jpg?0043
A Dank Season,https://www.metal-archives.com/bands/A_Dank_Season/97641,United States,Southern/Thrash/Groove Metal,Active,https://www.metal-archives.com/images/9/7/6/4/97641_photo.jpg
A Dark Performance,https://www.metal-archives.com/bands/A_Dark_Performance/60488,Bolivia,Melodic Death/Gothic Metal,Changed name,https://www.metal-archives.com/images/6/0/4/8/60488_photo.jpg?3933
A Dark Halo,https://www.metal-archives.com/bands/A_Dark_Halo/97269,United States,Industrial/Thrash/Groove Metal,Active,https://www.metal-archives.com/images/9/7/2/6/97269_photo.jpg?2219
A Dark Place,https://www.metal-archives.com/bands/A_Dark_Place/3540319989,Australia,Death Metal,Split-up,https://www.metal-archives.com/images/3/5/4/0/3540319989_photo.jpg
A Dark Thought,https://www.metal-archives.com/bands/A_Dark_Thought/3540499959,Mexico,Depressive Black Metal,Active,https://www.metal-archives.com/images/3/5/4/0/3540499959_photo.jpg?2822
A Darkened Sea,https://www.metal-archives.com/bands/A_Darkened_Sea/49148,United States,Gothic/Black/Doom Metal,Split-up,https://www.metal-archives.com/images/4/9/1/4/49148_photo.jpg
A Dawn Serene,https://www.metal-archives.com/bands/A_Dawn_Serene/85435,Germany,Doom Metal,Unknown,https://www.metal-archives.com/images/8/5/4/3/85435_photo.jpg?3030
A Dawn Within,https://www.metal-archives.com/bands/A_Dawn_Within/92629,United States,Progressive Melodic Death Metal/Metalcore,On hold,https://www.metal-archives.com/images/9/2/6/2/92629_photo.jpg
A Day in Venice,https://www.metal-archives.com/bands/A_Day_in_Venice/3540385977,Italy,Gothic/Doom Metal,Active,https://www.metal-archives.com/images/3/5/4/0/3540385977_photo.jpg?2534
A Day of Pigs,https://www.metal-archives.com/bands/A_Day_of_Pigs/108258,United States,Sludge Metal,Split-up,https://www.metal-archives.com/images/1/0/8/2/108258_photo.jpg
A Day of Violence,https://www.metal-archives.com/bands/A_Day_of_Violence/3540500790,United States,Deathcore,Split-up,https://www.metal-archives.com/images/3/5/4/0/3540500790_photo.jpg?4234
A Day of No Sun,https://www.metal-archives.com/bands/A_Day_of_No_Sun/3540509928,Poland,Melodic Black Metal,Active,
A Day to Fall,https://www.metal-archives.com/bands/A_Day_to_Fall/3540454289,Argentina,Groove Metal/Metalcore,Active,
A Day to Fall,https://www.metal-archives.com/bands/A_Day_to_Fall/42229,United States,Melodic Death/Thrash Metal,Changed name,https://www.metal-archives.com/images/4/2/2/2/42229_photo.jpg
A Day Worth Dying For,https://www.metal-archives.com/bands/A_Day_Worth_Dying_For/3540481900,United States,Melodic Death Metal/Deathcore,Split-up,
A Dead Calling,https://www.metal-archives.com/bands/A_Dead_Calling/3540259012,United States,Deathcore,Split-up,https://www.metal-archives.com/images/3/5/4/0/3540259012_photo.jpg?1938
A Dead Cold Lament,https://www.metal-archives.com/bands/A_Dead_Cold_Lament/3540474287,Chile,Funeral Doom Metal,Active,https://www.metal-archives.com/images/3/5/4/0/3540474287_photo.jpg?3005
A Dead End Society,https://www.metal-archives.com/bands/A_Dead_End_Society/3540307911,Germany,Melodic Death Metal/Metalcore,Active,https://www.metal-archives.com/images/3/5/4/0/3540307911_photo.jpg
A Dead God...,https://www.metal-archives.com/bands/A_Dead_God.../3540264378,United States,Melodic Black Metal,Changed name,
A Dead Poem,https://www.metal-archives.com/bands/A_Dead_Poem/3540533977,Brazil,Doom/Black/Gothic Metal,Active,https://www.metal-archives.com/images/3/5/4/0/3540533977_photo.jpg?3433
A Dead Lament,https://www.metal-archives.com/bands/A_Dead_Lament/116290,Germany,Melodic Death Metal/Metalcore,On hold,https://www.metal-archives.com/images/1/1/6/2/116290_photo.jpg
A Dead Silence,https://www.metal-archives.com/bands/A_Dead_Silence/3540353270,Australia,Technical Deathcore,Split-up,https://www.metal-archives.com/images/3/5/4/0/3540353270_photo.jpg?2326
A Death by the Seaside,https://www.metal-archives.com/bands/A_Death_by_the_Seaside/3540482491,United States,Atmospheric Funeral Doom/Post-Metal,Active,https://www.metal-archives.com/images/3/5/4/0/3540482491_photo.jpg?0552
A Death for Every Sin,https://www.metal-archives.com/bands/A_Death_for_Every_Sin/3540353740,Canada,Death Metal/Hardcore,Split-up,https://www.metal-archives.com/images/3/5/4/0/3540353740_photo.jpg?2344
A Deathwish,https://www.metal-archives.com/bands/A_Deathwish/3540317782,Bolivia,Blackened Death Metal,Split-up,https://www.metal-archives.com/images/3/5/4/0/3540317782_photo.jpg
A Deeper Dark,https://www.metal-archives.com/bands/A_Deeper_Dark/3540383972,United States,Thrash Metal/Hardcore,Active,
A Deeper Dreed,https://www.metal-archives.com/bands/A_Deeper_Dreed/3540322575,United Kingdom,Heavy Metal,Split-up,https://www.metal-archives.com/images/3/5/4/0/3540322575_photo.jpg
A Descent in Graves,https://www.metal-archives.com/bands/A_Descent_in_Graves/3540342576,Belgium,Progressive Death/Groove Metal/Deathcore,On hold,https://www.metal-archives.com/images/3/5/4/0/3540342576_photo.jpg?3552
A Devil's Daydream,https://www.metal-archives.com/bands/A_Devil%27s_Daydream/3540396552,United States,Melodic Black/Death Metal,Active,https://www.metal-archives.com/images/3/5/4/0/3540396552_photo.jpg?3332
A Devilish Domain,https://www.metal-archives.com/bands/A_Devilish_Domain/114490,Japan,Melodic Death Metal/Metalcore,Unknown,https://www.metal-archives.com/images/1/1/4/4/114490_photo.jpg
A Diaboli,https://www.metal-archives.com/bands/A_Diaboli/3540469743,Norway,Black Metal,Unknown,https://www.metal-archives.com/images/3/5/4/0/3540469743_photo.png?3920
A Diadem of Dead Stars,https://www.metal-archives.com/bands/A_Diadem_of_Dead_Stars/3540386910,Greece,Atmospheric Black Metal,Active,https://www.metal-archives.com/images/3/5/4/0/3540386910_photo.jpg?1310
A Different Cloud,https://www.metal-archives.com/bands/A_Different_Cloud/3540513071,Unknown,Atmospheric Black Metal,Active,
A Distant Sun,https://www.metal-archives.com/bands/A_Distant_Sun/3540314441,Ireland,Atmospheric Black/Doom Metal,Changed name,https://www.metal-archives.com/images/3/5/4/0/3540314441_photo.jpg
A Distorted Utopia,https://www.metal-archives.com/bands/A_Distorted_Utopia/3540413509,United Kingdom,Technical Melodic Death Metal,Active,https://www.metal-archives.com/images/3/5/4/0/3540413509_photo.jpg?4802
A Document Says,https://www.metal-archives.com/bands/A_Document_Says/3540356522,Germany,Experimental/Sludge Metal,Active,https://www.metal-archives.com/images/3/5/4/0/3540356522_photo.jpg?3528
A Divinis,https://www.metal-archives.com/bands/A_Divinis/3540513158,United States,Technical/Blackened Death Metal,Active,
A Dream of Ghosts,https://www.metal-archives.com/bands/A_Dream_of_Ghosts/3540511354,United States,Sludge Metal/Hardcore,Active,https://www.metal-archives.com/images/3/5/4/0/3540511354_photo.jpg?2944
A Dreadful Vision,https://www.metal-archives.com/bands/A_Dreadful_Vision/3540496959,Germany,Deathcore,Split-up,https://www.metal-archives.com/images/3/5/4/0/3540496959_photo.jpg?2409
A Dream of Poe,https://www.metal-archives.com/bands/A_Dream_of_Poe/79756,Portugal,Gothic/Doom Metal,Active,https://www.metal-archives.com/images/7/9/7/5/79756_photo.jpg?4432
A Dream Set Fire,https://www.metal-archives.com/bands/A_Dream_Set_Fire/3540433276,United States,Groove/Thrash Metal,Active,https://www.metal-archives.com/images/3/5/4/0/3540433276_photo.jpg?5518
A Dying God,https://www.metal-archives.com/bands/A_Dying_God/3540377912,United Kingdom,Black Metal/Grindcore,Split-up,https://www.metal-archives.com/images/3/5/4/0/3540377912_photo.jpg?3150
A Dying Soul,https://www.metal-archives.com/bands/A_Dying_Soul/3540512932,United States,Doom Metal/Experimental,Active,https://www.metal-archives.com/images/3/5/4/0/3540512932_photo.jpg?0447
A Dying Season,https://www.metal-archives.com/bands/A_Dying_Season/3540362325,Mexico,Death Metal,Split-up,https://www.metal-archives.com/images/3/5/4/0/3540362325_photo.jpg?5531
A Failing Devotion,https://www.metal-archives.com/bands/A_Failing_Devotion/3540405673,France,Melodic Death Metal/Metalcore,Active,https://www.metal-archives.com/images/3/5/4/0/3540405673_photo.jpg?1133
A Fallen Martyr,https://www.metal-archives.com/bands/A_Fallen_Martyr/3540291518,United States,Thrash/Groove Metal,Split-up,https://www.metal-archives.com/images/3/5/4/0/3540291518_photo.jpg
A Fallen Theory,https://www.metal-archives.com/bands/A_Fallen_Theory/3540464932,Australia,Deathcore,Split-up,https://www.metal-archives.com/images/3/5/4/0/3540464932_photo.jpg?3328
A Feast for Lampreys,https://www.metal-archives.com/bands/A_Feast_for_Lampreys/3540508021,United States,Melodic Black Metal,Active,https://www.metal-archives.com/images/3/5/4/0/3540508021_photo.jpg?0813
A Felled Forest,https://www.metal-archives.com/bands/A_Felled_Forest/3540512598,United States,Black Metal,Active,https://www.metal-archives.com/images/3/5/4/0/3540512598_photo.jpg?2213
A Few Moments to Death,https://www.metal-archives.com/bands/A_Few_Moments_to_Death/3540327071,Russia,Melodic Death Metal,Split-up,https://www.metal-archives.com/images/3/5/4/0/3540327071_photo.jpg?4800
A Fear Called Treason,https://www.metal-archives.com/bands/A_Fear_Called_Treason/103252,Germany,Melodic Death Metal,Split-up,https://www.metal-archives.com/images/1/0/3/2/103252_photo.jpg
A Few Seasons Later,https://www.metal-archives.com/bands/A_Few_Seasons_Later/3540468821,France,Progressive Metal/Rock,Split-up,https://www.metal-archives.com/images/3/5/4/0/3540468821_photo.jpg?2710
A Fitting Revenge,https://www.metal-archives.com/bands/A_Fitting_Revenge/3540427776,United States,Melodic Death Metal/Metalcore,Active,https://www.metal-archives.com/images/3/5/4/0/3540427776_photo.jpg?2813
A Fight Called Hope,https://www.metal-archives.com/bands/A_Fight_Called_Hope/120050,Germany,Metalcore/Melodic Death Metal,Split-up,https://www.metal-archives.com/images/1/2/0/0/120050_photo.jpg
A Fluorescent Finish,https://www.metal-archives.com/bands/A_Fluorescent_Finish/3540497169,United States,Black Metal,Active,
A Flock Named Murder,https://www.metal-archives.com/bands/A_Flock_Named_Murder/3540447136,Canada,Black/Death/Post-Metal,Active,https://www.metal-archives.com/images/3/5/4/0/3540447136_photo.jpg?5942
A Flourishing Scourge,https://www.metal-archives.com/bands/A_Flourishing_Scourge/3540400800,United States,Progressive Black/Death Metal,Active,https://www.metal-archives.com/images/3/5/4/0/3540400800_photo.jpg?5201
A Fonds Perdu,https://www.metal-archives.com/bands/A_Fonds_Perdu/23357,Austria,Gothic Metal,Split-up,https://www.metal-archives.com/images/2/3/3/5/23357_photo.jpg
A Fool's Mockery,https://www.metal-archives.com/bands/A_Fool%27s_Mockery/3540481782,United Kingdom,Progressive Rock/Metal,Active,https://www.metal-archives.com/images/3/5/4/0/3540481782_photo.jpg?2211
A Forest,https://www.metal-archives.com/bands/A_Forest/8591,Italy,Black Metal,Split-up,https://www.metal-archives.com/images/8/5/9/1/8591_photo.gif?0430
A Forest of Dreams,https://www.metal-archives.com/bands/A_Forest_of_Dreams/3540472869,Portugal,Atmospheric Black Metal/Ambient,Active,https://www.metal-archives.com/images/3/5/4/0/3540472869_photo.jpg?5938
A Foot in the Grave,https://www.metal-archives.com/bands/A_Foot_in_the_Grave/48093,Italy,Thrash/Death Metal,Split-up,https://www.metal-archives.com/images/4/8/0/9/48093_photo.jpg
A Forest of Stars,https://www.metal-archives.com/bands/A_Forest_of_Stars/115504,United Kingdom,Avant-garde/Progressive Black Metal,Active,https://www.metal-archives.com/images/1/1/5/5/115504_photo.jpg?4049
A Formula Controlled Emotion,https://www.metal-archives.com/bands/A_Formula_Controlled_Emotion/116928,Germany,Death/Thrash Metal,Split-up,https://www.metal-archives.com/images/1/1/6/9/116928_photo.jpg?5929
A Ghastly Menace,https://www.metal-archives.com/bands/A_Ghastly_Menace/3540377649,United States,Noise (early); Metalcore (later),Active,https://www.metal-archives.com/images/3/5/4/0/3540377649_photo.jpg?5722
A Ghost in Rags,https://www.metal-archives.com/bands/A_Ghost_in_Rags/3540508545,Germany,Sludge/Doom Metal/Post-Metal,Active,
A Ghost Named Alice,https://www.metal-archives.com/bands/A_Ghost_Named_Alice/3540436708,Austria,Progressive Power Metal,Split-up,https://www.metal-archives.com/images/3/5/4/0/3540436708_photo.jpg?5405
A Gift Called Anger,https://www.metal-archives.com/bands/A_Gift_Called_Anger/3540269773,Germany,Metalcore/Thrash Metal,Active,https://www.metal-archives.com/images/3/5/4/0/3540269773_photo.jpg?5426
A Goat as Our Shepherd,https://www.metal-archives.com/bands/A_Goat_as_Our_Shepherd/3540490400,Belgium,Death Metal,Active,https://www.metal-archives.com/images/3/5/4/0/3540490400_photo.jpg?1844
A Glimmer ov Death,https://www.metal-archives.com/bands/A_Glimmer_ov_Death/3540530131,United States,Blackened Death Metal,Active,https://www.metal-archives.com/images/3/5/4/0/3540530131_photo.jpg?2654
A Goatless Eternity,https://www.metal-archives.com/bands/A_Goatless_Eternity/3540524489,Australia,Melodic Death Metal,Unknown,
A God or an Other,https://www.metal-archives.com/bands/A_God_or_an_Other/3540359426,United States,Atmospheric Post-Black Metal,Split-up,https://www.metal-archives.com/images/3/5/4/0/3540359426_photo.jpg?4248
A God from the Machine,https://www.metal-archives.com/bands/A_God_from_the_Machine/3540421038,United States,Progressive Black Metal,Unknown,
A Grave Calling,https://www.metal-archives.com/bands/A_Grave_Calling/3540364172,United States,Progressive Death Metal/Deathcore,Split-up,https://www.metal-archives.com/images/3/5/4/0/3540364172_photo.jpg?1347
A Good Day for Killing,https://www.metal-archives.com/bands/A_Good_Day_for_Killing/9410,Thailand,Brutal Death Metal,Active,https://www.metal-archives.com/images/9/4/1/0/9410_photo.jpg?3109
A Gram Trip,https://www.metal-archives.com/bands/A_Gram_Trip/3540490169,Croatia,Stoner/Doom/Sludge Metal,Active,https://www.metal-archives.com/images/3/5/4/0/3540490169_photo.jpg?4605
A Grave for Small Birds,https://www.metal-archives.com/bands/A_Grave_for_Small_Birds/3540484660,United States,Melodic Post-Black Metal,Active,https://www.metal-archives.com/images/3/5/4/0/3540484660_photo.jpg?5659
A Greed Science,https://www.metal-archives.com/bands/A_Greed_Science/3540361976,Australia,Death Metal,Active,https://www.metal-archives.com/images/3/5/4/0/3540361976_photo.jpg?3441
A Grim Saga,https://www.metal-archives.com/bands/A_Grim_Saga/3540487281,United States,Sludge Metal,Active,
A Gruesome Find,https://www.metal-archives.com/bands/A_Gruesome_Find/14859,United States,Black/Death Metal,Unknown,https://www.metal-archives.com/images/1/4/8/5/14859_photo.jpg
A Guide to Suicide,https://www.metal-archives.com/bands/A_Guide_to_Suicide/3540550184,United States,Deathcore,Split-up,https://www.metal-archives.com/images/3/5/4/0/3540550184_photo.jpg?5017
A Hanging,https://www.metal-archives.com/bands/A_Hanging/3540377537,United States,Thrash Metal/Hardcore,Changed name,https://www.metal-archives.com/images/3/5/4/0/3540377537_photo.jpg?2227
A Haunted Mantra,https://www.metal-archives.com/bands/A_Haunted_Mantra/3540492424,United States,Melodic Death Metal,Split-up,https://www.metal-archives.com/images/3/5/4/0/3540492424_photo.jpg?4823
A Hill to Die Upon,https://www.metal-archives.com/bands/A_Hill_to_Die_Upon/3540256497,United States,Black/Death Metal,Active,https://www.metal-archives.com/images/3/5/4/0/3540256497_photo.jpg?0144
A Hellish Digest,https://www.metal-archives.com/bands/A_Hellish_Digest/127828,Greece,Progressive Melodic Death Metal,Split-up,https://www.metal-archives.com/images/1/2/7/8/127828_photo.jpg
A Hero for the World,https://www.metal-archives.com/bands/A_Hero_for_the_World/3540361856,Philippines,Power Metal,Active,https://www.metal-archives.com/images/3/5/4/0/3540361856_photo.jpg?0410
A Hitman's Business,https://www.metal-archives.com/bands/A_Hitman%27s_Business/3540361314,Canada,Deathcore,Split-up,https://www.metal-archives.com/images/3/5/4/0/3540361314_photo.jpg?3003
A Hope of Life,https://www.metal-archives.com/bands/A_Hope_of_Life/113471,Chile,Melodic Death Metal/Metalcore,Active,https://www.metal-archives.com/images/1/1/3/4/113471_photo.jpg
A Horror Story,https://www.metal-archives.com/bands/A_Horror_Story/3540537309,United States,Metalcore,Split-up,
A Horse Called War,https://www.metal-archives.com/bands/A_Horse_Called_War/117133,United Kingdom,Sludge Metal,Active,https://www.metal-archives.com/images/1/1/7/1/117133_photo.jpg?3448
A House Cursed,https://www.metal-archives.com/bands/A_House_Cursed/116418,United States,Death/Groove Metal,Split-up,https://www.metal-archives.com/images/1/1/6/4/116418_photo.jpg
A Human Costume,https://www.metal-archives.com/bands/A_Human_Costume/3540381620,United States,"Melodic Death Metal, Metalcore",Active,https://www.metal-archives.com/images/3/5/4/0/3540381620_photo.jpg?1105
A II R,https://www.metal-archives.com/bands/A_II_R/3540322601,Italy,Experimental Progressive Metal/Rock,Unknown,https://www.metal-archives.com/images/3/5/4/0/3540322601_photo.jpg
A Karmic Gray,https://www.metal-archives.com/bands/A_Karmic_Gray/3540535520,United States,"Metalcore, Technical Death Metal",Split-up,https://www.metal-archives.com/images/3/5/4/0/3540535520_photo.jpg?0055
A Joker and His Gun,https://www.metal-archives.com/bands/A_Joker_and_His_Gun/121064,Australia,Deathcore,Split-up,https://www.metal-archives.com/images/1/2/1/0/121064_photo.jpg
A Kid Hereafter in the Grinding Light,https://www.metal-archives.com/bands/A_Kid_Hereafter_in_the_Grinding_Light/122096,Denmark,Avant-garde Grindcore,Split-up,https://www.metal-archives.com/images/1/2/2/0/122096_photo.jpg
A Kill a Tem,https://www.metal-archives.com/bands/A_Kill_a_Tem/3540273493,Germany,Thrash Metal,Split-up,
A Killing Glance,https://www.metal-archives.com/bands/A_Killing_Glance/3540539000,Spain,Melodic Death Metal/Metalcore,Unknown,https://www.metal-archives.com/images/3/5/4/0/3540539000_photo.jpg?4429
A Knot of Tongues,https://www.metal-archives.com/bands/A_Knot_of_Tongues/3540446828,Croatia,Atmospheric Black Metal/Drone,Active,https://www.metal-archives.com/images/3/5/4/0/3540446828_photo.jpg?1817
A Land Beyond the Sea,https://www.metal-archives.com/bands/A_Land_Beyond_the_Sea/3540360996,Finland,Melodic Black Metal,Split-up,https://www.metal-archives.com/images/3/5/4/0/3540360996_photo.jpg?3324
A la Fin de l'Univers,https://www.metal-archives.com/bands/A_la_Fin_de_l%27Univers/3540523216,France,Dark Ambient (early); Atmospheric Black Metal/Ambient (later),Active,
A la Carte,https://www.metal-archives.com/bands/A_la_Carte/3540510514,United States,Death Metal,Active,https://www.metal-archives.com/images/3/5/4/0/3540510514_photo.jpg?4435
Ã€ la Lanterne,https://www.metal-archives.com/bands/%C3%80_la_Lanterne/3540518028,France,Melodic Black Metal,Active,https://www.metal-archives.com/images/3/5/4/0/3540518028_photo.jpg?2109
A Lapse of Ethos,https://www.metal-archives.com/bands/A_Lapse_of_Ethos/3540460078,United States,Deathcore,Active,https://www.metal-archives.com/images/3/5/4/0/3540460078_photo.jpg?3716
A Lesson in Violence,https://www.metal-archives.com/bands/A_Lesson_in_Violence/3540501687,United States,Thrash Metal/Metalcore,Unknown,https://www.metal-archives.com/images/3/5/4/0/3540501687_photo.jpg?1051
A Lapse of Solitude,https://www.metal-archives.com/bands/A_Lapse_of_Solitude/3540525260,Spain,Atmospheric/Post-Black Metal,Active,
A Letter from Drowner,https://www.metal-archives.com/bands/A_Letter_from_Drowner/3540469145,Russia,Atmospheric Post-Black Metal,Active,
A Legend Falls,https://www.metal-archives.com/bands/A_Legend_Falls/27230,Canada,Melodic/Progressive Metal,Split-up,https://www.metal-archives.com/images/2/7/2/3/27230_photo.jpg
A Lie Nation,https://www.metal-archives.com/bands/A_Lie_Nation/3540395918,Finland,Melodic Black Metal,Active,https://www.metal-archives.com/images/3/5/4/0/3540395918_photo.jpeg?1421
A Life Less Alive,https://www.metal-archives.com/bands/A_Life_Less_Alive/17865,United States,Death Metal,Active,https://www.metal-archives.com/images/1/7/8/6/17865_photo.jpeg?1405
A Light in the Dark,https://www.metal-archives.com/bands/A_Light_in_the_Dark/3540468818,Russia,Atmospheric/Post-Black Metal/Shoegaze,Active,https://www.metal-archives.com/images/3/5/4/0/3540468818_photo.jpg?2328
A Limbo of Insanity,https://www.metal-archives.com/bands/A_Limbo_of_Insanity/3540385674,Bolivia,Doom/Black Metal,Active,https://www.metal-archives.com/images/3/5/4/0/3540385674_photo.jpg?2540
A Life Once Lost,https://www.metal-archives.com/bands/A_Life_Once_Lost/1897,United States,Metalcore/Groove Metal,Split-up,https://www.metal-archives.com/images/1/8/9/7/1897_photo.jpg?2754
A Limine,https://www.metal-archives.com/bands/A_Limine/41054,Mexico,Melodic Death/Black Metal,Split-up,https://www.metal-archives.com/images/4/1/0/5/41054_photo.jpg
A Little Beauty,https://www.metal-archives.com/bands/A_Little_Beauty/3540499322,Latvia,Industrial Thrash/Death Metal,Split-up,https://www.metal-archives.com/images/3/5/4/0/3540499322_photo.jpg?4752
A Living Burden,https://www.metal-archives.com/bands/A_Living_Burden/103227,United States,Melodic Death/Thrash Metal/Metalcore,Split-up,https://www.metal-archives.com/images/1/0/3/2/103227_photo.jpg
A Little Magic,https://www.metal-archives.com/bands/A_Little_Magic/3540278948,Japan,Melodic Power Metal,Unknown,
A Living Sacrifice,https://www.metal-archives.com/bands/A_Living_Sacrifice/3540482980,United States,Heavy/Thrash Metal,Unknown,
A Loathing Requiem,https://www.metal-archives.com/bands/A_Loathing_Requiem/3540309215,United States,Technical Death Metal,Active,https://www.metal-archives.com/images/3/5/4/0/3540309215_photo.jpg?4756
A Lone Variant,https://www.metal-archives.com/bands/A_Lone_Variant/3540282953,Portugal,Stoner/Doom Metal/Ambient,Split-up,https://www.metal-archives.com/images/3/5/4/0/3540282953_photo.jpg
A Losing Season,https://www.metal-archives.com/bands/A_Losing_Season/92977,Hungary,Melodic Death Metal,Split-up,https://www.metal-archives.com/images/9/2/9/7/92977_photo.jpg?4729
A Long Forgotten Power,https://www.metal-archives.com/bands/A_Long_Forgotten_Power/3540277989,United States,Black Metal,Unknown,
A Lost Humanity,https://www.metal-archives.com/bands/A_Lost_Humanity/3540464397,Mexico,Death Metal/Crust/Grindcore,Active,https://www.metal-archives.com/images/3/5/4/0/3540464397_photo.jpg?3218
A Lot like Death,https://www.metal-archives.com/bands/A_Lot_like_Death/3540551148,Malaysia,Deathcore,Unknown,https://www.metal-archives.com/images/3/5/4/0/3540551148_photo.png?1117
A Love Ends Suicide,https://www.metal-archives.com/bands/A_Love_Ends_Suicide/81520,United States,Progressive Heavy Metal/Metalcore,Changed name,https://www.metal-archives.com/images/8/1/5/2/81520_photo.jpg
A Lovely Day for Bloodshed,https://www.metal-archives.com/bands/A_Lovely_Day_for_Bloodshed/3540484156,United States,Deathcore,Split-up,https://www.metal-archives.com/images/3/5/4/0/3540484156_photo.jpg?5900
A Lower Deep,https://www.metal-archives.com/bands/A_Lower_Deep/3995,United States,Power/Thrash Metal,Unknown,https://www.metal-archives.com/images/3/9/9/5/3995_photo.jpg
A Lucid Nightmare,https://www.metal-archives.com/bands/A_Lucid_Nightmare/3540538946,Canada,Groove/Thrash Metal/Crossover,Active,https://www.metal-archives.com/images/3/5/4/0/3540538946_photo.jpg?2631
A Man a Wolf a Killer,https://www.metal-archives.com/bands/A_Man_a_Wolf_a_Killer/3540486887,Austria,Metalcore,Active,https://www.metal-archives.com/images/3/5/4/0/3540486887_photo.jpg?1246
A Man Named Onigumo,https://www.metal-archives.com/bands/A_Man_Named_Onigumo/3540478580,United States,Progressive/Brutal Death Metal,Active,
